일시,평균 상대습도(%)
2018-01-01,39.1
2018-01-02,42
2018-01-03,42.3
2018-01-04,43
2018-01-05,48.4
2018-01-06,45.8
2018-01-07,42.1
2018-01-08,51.9
2018-01-09,59.4
2018-01-10,52
2018-01-11,49.8
2018-01-12,35.4
2018-01-13,67.3
2018-01-14,64.1
2018-01-15,63.9
2018-01-16,59.1
2018-01-17,64.1
2018-01-18,59.6
2018-01-19,43
2018-01-20,57.6
2018-01-21,36.6
2018-01-22,56.5
2018-01-23,42
2018-01-24,31.6
2018-01-25,32.6
2018-01-26,34.9
2018-01-27,37.4
2018-01-28,36
2018-01-29,35
2018-01-30,62
2018-01-31,54.5
2018-02-01,44.1
2018-02-02,51.1
2018-02-03,47
2018-02-04,40.9
2018-02-05,37.8
2018-02-06,36.5
2018-02-07,39.8
2018-02-08,43.3
2018-02-09,43.9
2018-02-10,47.4
2018-02-11,42.5
2018-02-12,40.8
2018-02-13,54.5
2018-02-14,51
2018-02-15,28
2018-02-16,40.1
2018-02-17,25.6
2018-02-18,26.9
2018-02-19,48.6
2018-02-20,41
2018-02-21,31.5
2018-02-22,59
2018-02-23,81.1
2018-02-24,49.4
2018-02-25,40.6
2018-02-26,43.1
2018-02-27,48.8
2018-02-28,73.3
2018-03-01,61.9
2018-03-02,34
2018-03-03,38.1
2018-03-04,89.1
2018-03-05,67.5
2018-03-06,46.8
2018-03-07,54
2018-03-08,76
2018-03-09,63.3
2018-03-10,65.8
2018-03-11,51.3
2018-03-12,45.8
2018-03-13,60.5
2018-03-14,58.8
2018-03-15,92.1
2018-03-16,46.9
2018-03-17,48
2018-03-18,55.9
2018-03-19,64.5
2018-03-20,39.9
2018-03-21,64.1
2018-03-22,61.5
2018-03-23,55.3
2018-03-24,61.9
2018-03-25,65.6
2018-03-26,64.5
2018-03-27,61.1
2018-03-28,66.4
2018-03-29,66.3
2018-03-30,55.6
2018-03-31,52.9
2018-04-01,68.8
2018-04-02,64
2018-04-03,72.9
2018-04-04,67
2018-04-05,90.6
2018-04-06,71.6
2018-04-07,45.5
2018-04-08,59.6
2018-04-09,57.9
2018-04-10,51
2018-04-11,49.4
2018-04-12,30.5
2018-04-13,22.9
2018-04-14,78.8
2018-04-15,65.5
2018-04-16,41.9
2018-04-17,37.9
2018-04-18,35.4
2018-04-19,38.8
2018-04-20,46
2018-04-21,32
2018-04-22,57.4
2018-04-23,93.9
2018-04-24,63.3
2018-04-25,37.8
2018-04-26,51.9
2018-04-27,52.9
2018-04-28,49
2018-04-29,43.1
2018-04-30,61.6
2018-05-01,72.8
2018-05-02,90.4
2018-05-03,62.4
2018-05-04,45.5
2018-05-05,46.8
2018-05-06,86.4
2018-05-07,60.3
2018-05-08,50.9
2018-05-09,50.4
2018-05-10,67.4
2018-05-11,59.8
2018-05-12,89.3
2018-05-13,82.5
2018-05-14,71.4
2018-05-15,56.4
2018-05-16,93.8
2018-05-17,97
2018-05-18,86.8
2018-05-19,47.5
2018-05-20,32.1
2018-05-21,43.9
2018-05-22,75.5
2018-05-23,57.1
2018-05-24,47.4
2018-05-25,47.4
2018-05-26,50.1
2018-05-27,47.4
2018-05-28,49.8
2018-05-29,69.3
2018-05-30,69.8
2018-05-31,58.9
2018-06-01,50.4
2018-06-02,44.5
2018-06-03,39.4
2018-06-04,50.1
2018-06-05,52.5
2018-06-06,62.9
2018-06-07,69.3
2018-06-08,68
2018-06-09,60.6
2018-06-10,59.9
2018-06-11,67.3
2018-06-12,65.5
2018-06-13,64
2018-06-14,74.9
2018-06-15,60.8
2018-06-16,56.4
2018-06-17,66.9
2018-06-18,54.9
2018-06-19,61.3
2018-06-20,68.1
2018-06-21,60.1
2018-06-22,45.1
2018-06-23,50.6
2018-06-24,62.8
2018-06-25,57.1
2018-06-26,88.3
2018-06-27,81.9
2018-06-28,85.1
2018-06-29,78.5
2018-06-30,83.8
2018-07-01,94.6
2018-07-02,95.4
2018-07-03,74.4
2018-07-04,69.6
2018-07-05,72.8
2018-07-06,57.8
2018-07-07,51.4
2018-07-08,51.5
2018-07-09,82.3
2018-07-10,87.8
2018-07-11,82.9
2018-07-12,82.4
2018-07-13,74.8
2018-07-14,69.6
2018-07-15,69.6
2018-07-16,64.3
2018-07-17,66.5
2018-07-18,64.8
2018-07-19,64.1
2018-07-20,62.6
2018-07-21,53.6
2018-07-22,49.6
2018-07-23,53.8
2018-07-24,59.5
2018-07-25,66.3
2018-07-26,68.8
2018-07-27,69.3
2018-07-28,77.1
2018-07-29,52.4
2018-07-30,50.9
2018-07-31,50.5
2018-08-01,55.5
2018-08-02,54.4
2018-08-03,55.3
2018-08-04,60.6
2018-08-05,71.8
2018-08-06,71.6
2018-08-07,63.4
2018-08-08,64.8
2018-08-09,76.3
2018-08-10,60.9
2018-08-11,55.8
2018-08-12,61.3
2018-08-13,68.6
2018-08-14,58.3
2018-08-15,59.5
2018-08-16,51
2018-08-17,39.8
2018-08-18,44.6
2018-08-19,50.6
2018-08-20,55.6
2018-08-21,71.4
2018-08-22,54.1
2018-08-23,59.1
2018-08-24,86.3
2018-08-25,68
2018-08-26,70
2018-08-27,91
2018-08-28,92.4
2018-08-29,86
2018-08-30,80.9
2018-08-31,67.4
2018-09-01,59.4
2018-09-02,55.8
2018-09-03,85.3
2018-09-04,69.4
2018-09-05,63.5
2018-09-06,69.9
2018-09-07,54.6
2018-09-08,48.8
2018-09-09,49
2018-09-10,49.5
2018-09-11,48.1
2018-09-12,52
2018-09-13,63.5
2018-09-14,66.9
2018-09-15,76
2018-09-16,83.6
2018-09-17,64.3
2018-09-18,59.8
2018-09-19,59.1
2018-09-20,82.4
2018-09-21,85.8
2018-09-22,62.3
2018-09-23,52.9
2018-09-24,48.3
2018-09-25,48
2018-09-26,47.9
2018-09-27,47.6
2018-09-28,58.1
2018-09-29,55.5
2018-09-30,52.5
2018-10-01,55.1
2018-10-02,61.4
2018-10-03,58
2018-10-04,56.5
2018-10-05,84.1
2018-10-06,84
2018-10-07,53.5
2018-10-08,47
2018-10-09,52.5
2018-10-10,61
2018-10-11,51
2018-10-12,54
2018-10-13,54
2018-10-14,60
2018-10-15,69.9
2018-10-16,55.9
2018-10-17,53.3
2018-10-18,59.5
2018-10-19,54.3
2018-10-20,53.9
2018-10-21,49.5
2018-10-22,50
2018-10-23,75.1
2018-10-24,66
2018-10-25,55.5
2018-10-26,74.1
2018-10-27,49.6
2018-10-28,77.1
2018-10-29,57.3
2018-10-30,51.3
2018-10-31,55.4
2018-11-01,53.4
2018-11-02,54.9
2018-11-03,56
2018-11-04,55
2018-11-05,65.5
2018-11-06,70.5
2018-11-07,79.5
2018-11-08,93.8
2018-11-09,69
2018-11-10,69.1
2018-11-11,67.6
2018-11-12,52.3
2018-11-13,51.6
2018-11-14,55.5
2018-11-15,55.4
2018-11-16,65.1
2018-11-17,50.8
2018-11-18,48.8
2018-11-19,50.4
2018-11-20,39.9
2018-11-21,57.1
2018-11-22,35
2018-11-23,29.6
2018-11-24,71.1
2018-11-25,77.8
2018-11-26,70.1
2018-11-27,65
2018-11-28,27.1
2018-11-29,41.4
2018-11-30,46.1
2018-12-01,42.3
2018-12-02,50.1
2018-12-03,87.4
2018-12-04,74.9
2018-12-05,39.5
2018-12-06,50.5
2018-12-07,37.1
2018-12-08,37.1
2018-12-09,27
2018-12-10,33.3
2018-12-11,44.8
2018-12-12,39
2018-12-13,57.4
2018-12-14,44.3
2018-12-15,46.8
2018-12-16,63.8
2018-12-17,60.1
2018-12-18,56.3
2018-12-19,53.4
2018-12-20,45.5
2018-12-21,40.1
2018-12-22,48.9
2018-12-23,43
2018-12-24,35.9
2018-12-25,53.4
2018-12-26,40.8
2018-12-27,28.3
2018-12-28,33
2018-12-29,29
2018-12-30,35.9
2018-12-31,39.6
2019-01-01,49.5
2019-01-02,42.8
2019-01-03,38.8
2019-01-04,55.5
2019-01-05,40.3
2019-01-06,35
2019-01-07,46.4
2019-01-08,31
2019-01-09,28.8
2019-01-10,48.8
2019-01-11,58.8
2019-01-12,47.6
2019-01-13,54.3
2019-01-14,68.6
2019-01-15,58.8
2019-01-16,45.9
2019-01-17,45.8
2019-01-18,44
2019-01-19,59.8
2019-01-20,38.5
2019-01-21,57.8
2019-01-22,62
2019-01-23,48.9
2019-01-24,34.9
2019-01-25,27.6
2019-01-26,30.9
2019-01-27,52.5
2019-01-28,40.4
2019-01-29,35.5
2019-01-30,54.6
2019-01-31,29
2019-02-01,47.6
2019-02-02,60
2019-02-03,92.9
2019-02-04,40.4
2019-02-05,37.1
2019-02-06,54.9
2019-02-07,45.5
2019-02-08,31.5
2019-02-09,30
2019-02-10,31.3
2019-02-11,34.9
2019-02-12,35.5
2019-02-13,26.6
2019-02-14,24.3
2019-02-15,72.8
2019-02-16,59
2019-02-17,47.4
2019-02-18,43.5
2019-02-19,80.8
2019-02-20,67.8
2019-02-21,59.4
2019-02-22,56.1
2019-02-23,41
2019-02-24,45
2019-02-25,55.8
2019-02-26,32.8
2019-02-27,31.3
2019-02-28,39.5
2019-03-01,42.3
2019-03-02,37.6
2019-03-03,36.4
2019-03-04,46.1
2019-03-05,66.3
2019-03-06,55
2019-03-07,51.1
2019-03-08,39.4
2019-03-09,31.8
2019-03-10,26.4
2019-03-11,61
2019-03-12,55.1
2019-03-13,38.5
2019-03-14,45.3
2019-03-15,72.8
2019-03-16,69.9
2019-03-17,55.4
2019-03-18,43.8
2019-03-19,52
2019-03-20,79
2019-03-21,77.4
2019-03-22,40.9
2019-03-23,46.9
2019-03-24,45.4
2019-03-25,56.1
2019-03-26,51.1
2019-03-27,66.4
2019-03-28,49.9
2019-03-29,33.1
2019-03-30,72
2019-03-31,46
2019-04-01,39.8
2019-04-02,36.9
2019-04-03,36.1
2019-04-04,43
2019-04-05,41
2019-04-06,39.9
2019-04-07,43.1
2019-04-08,25.6
2019-04-09,49.1
2019-04-10,78.4
2019-04-11,58
2019-04-12,48.5
2019-04-13,34
2019-04-14,45.5
2019-04-15,30.9
2019-04-16,26.3
2019-04-17,37.5
2019-04-18,74.4
2019-04-19,57.5
2019-04-20,66.9
2019-04-21,77.8
2019-04-22,50.6
2019-04-23,52
2019-04-24,70.4
2019-04-25,75.9
2019-04-26,82.1
2019-04-27,52.6
2019-04-28,48.8
2019-04-29,52.9
2019-04-30,52.8
2019-05-01,48.9
2019-05-02,28.5
2019-05-03,37.5
2019-05-04,40.4
2019-05-05,35.8
2019-05-06,27.1
2019-05-07,33.4
2019-05-08,48.3
2019-05-09,43.3
2019-05-10,48
2019-05-11,39
2019-05-12,36
2019-05-13,43.4
2019-05-14,44.5
2019-05-15,48.1
2019-05-16,43.8
2019-05-17,44.9
2019-05-18,46.8
2019-05-19,93
2019-05-20,63.6
2019-05-21,52
2019-05-22,46
2019-05-23,45
2019-05-24,46.4
2019-05-25,45.6
2019-05-26,39
2019-05-27,80.9
2019-05-28,45.9
2019-05-29,48.4
2019-05-30,48
2019-05-31,49.6
2019-06-01,60.5
2019-06-02,42.1
2019-06-03,42.9
2019-06-04,56.4
2019-06-05,63.8
2019-06-06,75.9
2019-06-07,77.3
2019-06-08,57.5
2019-06-09,66.1
2019-06-10,70.3
2019-06-11,51.1
2019-06-12,57.1
2019-06-13,51.9
2019-06-14,54.8
2019-06-15,61.5
2019-06-16,55.4
2019-06-17,59.1
2019-06-18,78.6
2019-06-19,77.8
2019-06-20,70.6
2019-06-21,72.9
2019-06-22,42.3
2019-06-23,40.4
2019-06-24,46.9
2019-06-25,49.1
2019-06-26,52.6
2019-06-27,70.5
2019-06-28,67.3
2019-06-29,72
2019-06-30,73.5
2019-07-01,64.4
2019-07-02,63.5
2019-07-03,64.6
2019-07-04,59.6
2019-07-05,42.1
2019-07-06,40.9
2019-07-07,43.3
2019-07-08,46.6
2019-07-09,46.4
2019-07-10,64.1
2019-07-11,76.9
2019-07-12,65.5
2019-07-13,67.3
2019-07-14,64.6
2019-07-15,80
2019-07-16,79
2019-07-17,73.9
2019-07-18,65
2019-07-19,61.3
2019-07-20,66.9
2019-07-21,87.1
2019-07-22,74.6
2019-07-23,70.8
2019-07-24,82.3
2019-07-25,90.1
2019-07-26,95.3
2019-07-27,76.6
2019-07-28,88.3
2019-07-29,74.5
2019-07-30,75.3
2019-07-31,91.1
2019-08-01,86.4
2019-08-02,74.6
2019-08-03,69
2019-08-04,75.9
2019-08-05,65.5
2019-08-06,51.4
2019-08-07,78.1
2019-08-08,71.4
2019-08-09,69
2019-08-10,57.9
2019-08-11,53.6
2019-08-12,91.8
2019-08-13,76.9
2019-08-14,63.9
2019-08-15,82
2019-08-16,74.5
2019-08-17,69.5
2019-08-18,66.5
2019-08-19,60.6
2019-08-20,56.3
2019-08-21,67.3
2019-08-22,66.5
2019-08-23,58.4
2019-08-24,60.9
2019-08-25,66.6
2019-08-26,63.8
2019-08-27,71.1
2019-08-28,66.2
2019-08-29,77.1
2019-08-30,66.3
2019-08-31,65
2019-09-01,64
2019-09-02,56.6
2019-09-03,67.6
2019-09-04,89
2019-09-05,91.4
2019-09-06,79.8
2019-09-07,72.9
2019-09-08,76.9
2019-09-09,74.3
2019-09-10,93.4
2019-09-11,71.4
2019-09-12,72.3
2019-09-13,60.4
2019-09-14,80
2019-09-15,70.4
2019-09-16,53
2019-09-17,41.6
2019-09-18,46
2019-09-19,46.5
2019-09-20,52.8
2019-09-21,60.3
2019-09-22,63.4
2019-09-23,51.1
2019-09-24,61.3
2019-09-25,64.4
2019-09-26,59.3
2019-09-27,57.5
2019-09-28,58.9
2019-09-29,60.6
2019-09-30,61
2019-10-01,67.1
2019-10-02,88
2019-10-03,73.4
2019-10-04,71.5
2019-10-05,72.6
2019-10-06,53.4
2019-10-07,92
2019-10-08,58.8
2019-10-09,48.3
2019-10-10,60.9
2019-10-11,60
2019-10-12,49.3
2019-10-13,52.6
2019-10-14,56.9
2019-10-15,55.6
2019-10-16,58.3
2019-10-17,56
2019-10-18,58.3
2019-10-19,63.8
2019-10-20,70.3
2019-10-21,61
2019-10-22,56.1
2019-10-23,57.3
2019-10-24,47.6
2019-10-25,58
2019-10-26,60
2019-10-27,59
2019-10-28,65.9
2019-10-29,61
2019-10-30,60.3
2019-10-31,73.8
2019-11-01,57.9
2019-11-02,57.3
2019-11-03,57.8
2019-11-04,57.8
2019-11-05,65.1
2019-11-06,63.6
2019-11-07,42.8
2019-11-08,31.4
2019-11-09,41.4
2019-11-10,59.6
2019-11-11,71.6
2019-11-12,63.6
2019-11-13,72.3
2019-11-14,30.6
2019-11-15,87.4
2019-11-16,81.3
2019-11-17,79.4
2019-11-18,59.8
2019-11-19,48
2019-11-20,35.5
2019-11-21,37.4
2019-11-22,34.1
2019-11-23,52
2019-11-24,74.6
2019-11-25,62.1
2019-11-26,64
2019-11-27,50.8
2019-11-28,52.4
2019-11-29,42.8
2019-11-30,42.6
2019-12-01,79.4
2019-12-02,48
2019-12-03,61.3
2019-12-04,41.6
2019-12-05,31.9
2019-12-06,34.5
2019-12-07,65
2019-12-08,65.1
2019-12-09,56.8
2019-12-10,82.3
2019-12-11,62
2019-12-12,45.4
2019-12-13,53.6
2019-12-14,58.3
2019-12-15,52.5
2019-12-16,58.9
2019-12-17,81.4
2019-12-18,64.6
2019-12-19,47.8
2019-12-20,45.3
2019-12-21,68.1
2019-12-22,63.4
2019-12-23,80.4
2019-12-24,67.9
2019-12-25,60.8
2019-12-26,59
2019-12-27,45.4
2019-12-28,47.6
2019-12-29,52.5
2019-12-30,70.3
2019-12-31,39.3
2023-01-01,55
2023-01-02,46
2023-01-03,49
2023-01-04,51
2023-01-05,58.1
2023-01-06,71.9
2023-01-07,80.9
2023-01-08,69.3
2023-01-09,60.1
2023-01-10,59.9
2023-01-11,61.9
2023-01-12,46.6
2023-01-13,99.1
2023-01-14,92.9
2023-01-15,93.9
2023-01-16,63.1
2023-01-17,65.1
2023-01-18,60.5
2023-01-19,69.3
2023-01-20,52.4
2023-01-21,55.4
2023-01-22,62.8
2023-01-23,66.6
2023-01-24,51.9
2023-01-25,45.1
2023-01-26,80.1
2023-01-27,56.5
2023-01-28,54.9
2023-01-29,58.3
2023-01-30,55.9
2023-01-31,69.1
2023-02-01,68.4
2023-02-02,50.3
2023-02-03,47.4
2023-02-04,49.8
2023-02-05,71
2023-02-06,72.3
2023-02-07,72.9
2023-02-08,62.1
2023-02-09,49.9
2023-02-10,79.6
2023-02-11,73
2023-02-12,70
2023-02-13,66.5
2023-02-14,54.9
2023-02-15,46.4
2023-02-16,68.3
2023-02-17,67.8
2023-02-18,58.3
2023-02-19,56.1
2023-02-20,46.4
2023-02-21,42.4
2023-02-22,50.6
2023-02-23,65.5
2023-02-24,57.9
2023-02-25,44
2023-02-26,46.6
2023-02-27,47.4
2023-02-28,63.4
2023-03-01,54.4
2023-03-02,37.8
2023-03-03,65
2023-03-04,68.4
2023-03-05,54
2023-03-06,41.9
2023-03-07,60.9
2023-03-08,66.3
2023-03-09,85.9
2023-03-10,62.1
2023-03-11,52
2023-03-12,68
2023-03-13,38.9
2023-03-14,45.9
2023-03-15,66.6
2023-03-16,36.8
2023-03-17,34.3
2023-03-18,46.4
2023-03-19,59.6
2023-03-20,50.4
2023-03-21,35.1
2023-03-22,44.8
2023-03-23,48.9
2023-03-24,36.8
2023-03-25,59.9
2023-03-26,34
2023-03-27,44.8
2023-03-28,53.3
2023-03-29,50.3
2023-03-30,42.5
2023-03-31,42.5
2023-04-01,40.4
2023-04-02,29.6
2023-04-03,29.4
2023-04-04,40.4
2023-04-05,97.8
2023-04-06,94.6
2023-04-07,65
2023-04-08,51.1
2023-04-09,56.8
2023-04-10,50.8
2023-04-11,73.4
2023-04-12,45.1
2023-04-13,45
2023-04-14,58.6
2023-04-15,81.8
2023-04-16,71.4
2023-04-17,59
2023-04-18,78.6
2023-04-19,66.1
2023-04-20,92.1
2023-04-21,50.4
2023-04-22,22.9
2023-04-23,34.1
2023-04-24,40.5
2023-04-25,68.6
2023-04-26,69.9
2023-04-27,61.6
2023-04-28,62
2023-04-29,88.1
2023-04-30,72.9
2023-05-01,57
2023-05-02,40.5
2023-05-03,52.5
2023-05-04,65.5
2023-05-05,95.3
2023-05-06,85.6
2023-05-07,47.1
2023-05-08,55.3
2023-05-09,55.4
2023-05-10,53.3
2023-05-11,50.1
2023-05-12,50.9
2023-05-13,62
2023-05-14,56.5
2023-05-15,54.6
2023-05-16,51.9
2023-05-17,63.6
2023-05-18,74.8
2023-05-19,61.4
2023-05-20,66.9
2023-05-21,74
2023-05-22,61.3
2023-05-23,48
2023-05-24,49.8
2023-05-25,46.6
2023-05-26,57.4
2023-05-27,87.4
2023-05-28,98.9
2023-05-29,83.4
2023-05-30,69.5
2023-05-31,60.8
2023-06-01,66.9
2023-06-02,77.4
2023-06-03,60.1
2023-06-04,61
2023-06-05,66.9
2023-06-06,72.9
2023-06-07,75.3
2023-06-08,80.5
2023-06-09,64
2023-06-10,70
2023-06-11,76.1
2023-06-12,70.5
2023-06-13,70
2023-06-14,80.3
2023-06-15,70.8
2023-06-16,64.4
2023-06-17,57.1
2023-06-18,60.5
2023-06-19,57.8
2023-06-20,64.5
2023-06-21,92.6
2023-06-22,77.1
2023-06-23,76.6
2023-06-24,70.5
2023-06-25,64.9
2023-06-26,88.6
2023-06-27,73.1
2023-06-28,77.4
2023-06-29,95.4
2023-06-30,89.8
2023-07-01,76.9
2023-07-02,79.5
2023-07-03,72
2023-07-04,86.8
2023-07-05,82.6
2023-07-06,70.9
2023-07-07,64.9
2023-07-08,76.5
2023-07-09,86.4
2023-07-10,80.4
2023-07-11,92.4
2023-07-12,86.4
2023-07-13,95
2023-07-14,99.1
2023-07-15,93.5
2023-07-16,89.5
2023-07-17,86.1
2023-07-18,87.9
2023-07-19,78.8
2023-07-20,74
2023-07-21,69.6
2023-07-22,73.9
2023-07-23,94.3
2023-07-24,83.1
2023-07-25,80.5
2023-07-26,80.9
2023-07-27,78.1
2023-07-28,72.4
2023-07-29,72.1
2023-07-30,72.5
2023-07-31,76.3
2023-08-01,71.6
2023-08-02,67.8
2023-08-03,67
2023-08-04,67.6
2023-08-05,69
2023-08-06,76.5
2023-08-07,68.4
2023-08-08,60.5
2023-08-09,67.6
2023-08-10,91.9
2023-08-11,93.1
2023-08-12,91
2023-08-13,76.9
2023-08-14,75.4
2023-08-15,71.4
2023-08-16,72
2023-08-17,73
2023-08-18,72.1
2023-08-19,68.9
2023-08-20,71.8
2023-08-21,69.8
2023-08-22,80.3
2023-08-23,91.3
2023-08-24,84.8
2023-08-25,77.9
2023-08-26,72.3
2023-08-27,75
2023-08-28,87.5
2023-08-29,89.6
2023-08-30,88
2023-08-31,76.9
2023-09-01,70.6
2023-09-02,63.9
2023-09-03,77.8
2023-09-04,79.9
2023-09-05,69.5
2023-09-06,65.1
2023-09-07,54.8
2023-09-08,60.3
2023-09-09,66.3
2023-09-10,68.1
2023-09-11,67.3
2023-09-12,69.8
2023-09-13,84.5
2023-09-14,72.4
2023-09-15,82.3
2023-09-16,87.8
2023-09-17,84.8
2023-09-18,79.1
2023-09-19,81.1
2023-09-20,90.4
2023-09-21,70.9
2023-09-22,68.4
2023-09-23,63.9
2023-09-24,56.4
2023-09-25,66.4
2023-09-26,95.8
2023-09-27,90.1
2023-09-28,78.3
2023-09-29,61.5
2023-09-30,77
2023-10-01,59.5
2023-10-02,53.8
2023-10-03,66.3
2023-10-04,75.5
2023-10-05,46.1
2023-10-06,55.3
2023-10-07,62.6
2023-10-08,67.1
2023-10-09,68.1
2023-10-10,67.1
2023-10-11,57.5
2023-10-12,62.4
2023-10-13,69.6
2023-10-14,84.9
2023-10-15,80
2023-10-16,57
2023-10-17,55.6
2023-10-18,67
2023-10-19,82.5
2023-10-20,46.9
2023-10-21,54.8
2023-10-22,67.3
2023-10-23,73.8
2023-10-24,78.5
2023-10-25,78.6
2023-10-26,79.4
2023-10-27,71.1
2023-10-28,62.9
2023-10-29,61.6
2023-10-30,72
2023-10-31,76
2023-11-01,81.8
2023-11-02,70.9
2023-11-03,83.3
2023-11-04,75.5
2023-11-05,87
2023-11-06,84.9
2023-11-07,62.5
2023-11-08,55.1
2023-11-09,73.1
2023-11-10,53.1
2023-11-11,47.9
2023-11-12,53.8
2023-11-13,54
2023-11-14,66.1
2023-11-15,71.4
2023-11-16,85
2023-11-17,59.3
2023-11-18,58.9
2023-11-19,68.3
2023-11-20,58.4
2023-11-21,59.6
2023-11-22,68.1
2023-11-23,71.1
2023-11-24,51.8
2023-11-25,42.8
2023-11-26,43.6
2023-11-27,82.9
2023-11-28,58
2023-11-29,59
2023-11-30,48.5
2023-12-01,55.3
2023-12-02,60.8
2023-12-03,56.3
2023-12-04,59.5
2023-12-05,55.4
2023-12-06,76.1
2023-12-07,64
2023-12-08,73.4
2023-12-09,82.9
2023-12-10,67.9
2023-12-11,82.9
2023-12-12,75.6
2023-12-13,74.1
2023-12-14,85.8
2023-12-15,95.4
2023-12-16,68.9
2023-12-17,48.9
2023-12-18,45.1
2023-12-19,63.1
2023-12-20,64.1
2023-12-21,57.4
2023-12-22,51.8
2023-12-23,53.4
2023-12-24,73.4
2023-12-25,80.8
2023-12-26,72.9
2023-12-27,76.6
2023-12-28,69.5
2023-12-29,71
2023-12-30,92
2023-12-31,95.5
2024-01-01,83.4
2024-01-02,72.6
2024-01-03,80.4
2024-01-04,74.3
2024-01-05,77.1
2024-01-06,63.9
2024-01-07,57.4
2024-01-08,57.8
2024-01-09,84
2024-01-10,85.9
2024-01-11,80.6
2024-01-12,61.6
2024-01-13,44.3
2024-01-14,74.5
2024-01-15,51.3
2024-01-16,49.8
2024-01-17,78.5
2024-01-18,81.5
2024-01-19,65.4
2024-01-20,69.5
2024-01-21,75.8
2024-01-22,65.6
2024-01-23,53.6
2024-01-24,52
2024-01-25,47.8
2024-01-26,62.5
2024-01-27,70
2024-01-28,62.3
2024-01-29,66.6
2024-01-30,59.3
2024-01-31,54.1
2024-02-01,64.9
2024-02-02,65.5
2024-02-03,63.9
2024-02-04,60.9
2024-02-05,81.8
2024-02-06,83.5
2024-02-07,76.6
2024-02-08,66.9
2024-02-09,66.8
2024-02-10,69.4
2024-02-11,70.6
2024-02-12,62.8
2024-02-13,70.6
2024-02-14,76.4
2024-02-15,89.9
2024-02-16,72.4
2024-02-17,73.5
2024-02-18,81.4
2024-02-19,95.8
2024-02-20,86.3
2024-02-21,92.5
2024-02-22,84.5
2024-02-23,68.8
2024-02-24,68.6
2024-02-25,80.8
2024-02-26,65.3
2024-02-27,52
2024-02-28,59.5
2024-02-29,63.6
2024-03-01,38.9
2024-03-02,60.4
2024-03-03,71.5
2024-03-04,45.5
2024-03-05,45.1
2024-03-06,58.8
2024-03-07,62.4
2024-03-08,50.6
2024-03-09,50.8
2024-03-10,54
2024-03-11,62.3
2024-03-12,78
2024-03-13,57.6
2024-03-14,58.3
2024-03-15,68.5
2024-03-16,54.5
2024-03-17,48
2024-03-18,28.6
2024-03-19,60.8
2024-03-20,46.5
2024-03-21,46.5
2024-03-22,57
2024-03-23,66
2024-03-24,42.5
2024-03-25,63
2024-03-26,77.3
2024-03-27,68.4
2024-03-28,81.8
2024-03-29,73
2024-03-30,56.5
2024-03-31,39.9
2024-04-01,32
2024-04-02,37.5
2024-04-03,55.9
2024-04-04,52.1
2024-04-05,51.3
2024-04-06,48.6
2024-04-07,33.4
2024-04-08,46.5
2024-04-09,32.4
2024-04-10,62.6
2024-04-11,61
2024-04-12,59.6
2024-04-13,52.4
2024-04-14,47.1
2024-04-15,77.4
2024-04-16,82.6
2024-04-17,65.3
2024-04-18,53.3
2024-04-19,51.8
2024-04-20,77.3
2024-04-21,65.5
2024-04-22,49.4
2024-04-23,55
2024-04-24,80.1
2024-04-25,75.6
2024-04-26,61.1
2024-04-27,56.4
2024-04-28,53.5
2024-04-29,48
2024-04-30,62.5
2024-05-01,46
2024-05-02,48.4
2024-05-03,46.9
2024-05-04,44.8
2024-05-05,87.4
2024-05-06,92.9
2024-05-07,77.3
2024-05-08,58.8
2024-05-09,63.6
2024-05-10,55.6
2024-05-11,80
2024-05-12,65
2024-05-13,51.9
2024-05-14,43.3
2024-05-15,74.3
2024-05-16,61.3
2024-05-17,63.6
2024-05-18,65.3
2024-05-19,63.1
2024-05-20,75
2024-05-21,68.1
2024-05-22,68.9
2024-05-23,67.9
2024-05-24,75.1
2024-05-25,62.8
2024-05-26,74.3
2024-05-27,63.4
2024-05-28,54.8
2024-05-29,51.6
2024-05-30,49.1
2024-05-31,60
2024-06-01,61.3
2024-06-02,51.9
2024-06-03,47.4
2024-06-04,42.1
2024-06-05,53.9
2024-06-06,54.3
2024-06-07,54.3
2024-06-08,79.5
2024-06-09,68.9
2024-06-10,66.3
2024-06-11,62.4
2024-06-12,60.8
2024-06-13,51.4
2024-06-14,56
2024-06-15,72.3
2024-06-16,58.4
2024-06-17,48.4
2024-06-18,59.5
2024-06-19,54.3
2024-06-20,45.1
2024-06-21,49.8
2024-06-22,80.6
2024-06-23,79.5
2024-06-24,70.4
2024-06-25,61.9
2024-06-26,61
2024-06-27,55
2024-06-28,54.6
2024-06-29,65.1
2024-06-30,88.5
2024-07-01,69.1
2024-07-02,90
2024-07-03,80.3
2024-07-04,74.8
2024-07-05,80.5
2024-07-06,84.1
2024-07-07,85.1
2024-07-08,93.4
2024-07-09,86.9
2024-07-10,77.1
2024-07-11,79.6
2024-07-12,79.5
2024-07-13,70
2024-07-14,65.9
2024-07-15,64.6
2024-07-16,78.4
2024-07-17,91.6
2024-07-18,95.3
2024-07-19,80.1
2024-07-20,80.4
2024-07-21,83.6
2024-07-22,89
2024-07-23,87.9
2024-07-24,85
2024-07-25,79.8
2024-07-26,81.9
2024-07-27,83.6
2024-07-28,76
2024-07-29,84
2024-07-30,78.8
2024-07-31,74.5
2024-08-01,75.5
2024-08-02,79.4
2024-08-03,75
2024-08-04,69.3
2024-08-05,75.5
2024-08-06,74.8
2024-08-07,72
2024-08-08,77.5
2024-08-09,74.1
2024-08-10,70.8
2024-08-11,67.8
2024-08-12,70.5
2024-08-13,70
2024-08-14,73
2024-08-15,74.6
2024-08-16,69.4
2024-08-17,71
2024-08-18,73.8
2024-08-19,72.3
2024-08-20,68.3
2024-08-21,85.9
2024-08-22,79.9
2024-08-23,73.5
2024-08-24,78.8
2024-08-25,76.6
2024-08-26,77.8
2024-08-27,69.8
2024-08-28,62.1
2024-08-29,61
2024-08-30,64
2024-08-31,65.6
2024-09-01,64.9
2024-09-02,73.6
2024-09-03,54.5
2024-09-04,61.4
2024-09-05,79.1
2024-09-06,79.3
2024-09-07,68.9
2024-09-08,69.6
2024-09-09,69
2024-09-10,67.3
2024-09-11,71.5
2024-09-12,91.5
2024-09-13,91.4
2024-09-14,80.3
2024-09-15,73.6
2024-09-16,74
2024-09-17,77
2024-09-18,76.8
2024-09-19,77.4
2024-09-20,89.8
2024-09-21,82.3
2024-09-22,67.4
2024-09-23,58.3
2024-09-24,57.9
2024-09-25,65.6
2024-09-26,75.1
2024-09-27,72.8
2024-09-28,59.3
2024-09-29,61.5
2024-09-30,63
2024-10-01,67.5
2024-10-02,48.8
2024-10-03,59
2024-10-04,60
2024-10-05,60.4
2024-10-06,73.5
2024-10-07,73.9
2024-10-08,73.9
2024-10-09,64.1
2024-10-10,66.3
2024-10-11,68.8
2024-10-12,60.6
2024-10-13,67
2024-10-14,70.3
2024-10-15,85
2024-10-16,76.9
2024-10-17,70.4
2024-10-18,86.1
2024-10-19,75
2024-10-20,56
2024-10-21,66.4
2024-10-22,90.8
2024-10-23,75.3
2024-10-24,71.4
2024-10-25,64.1
2024-10-26,68.3
2024-10-27,79.4
2024-10-28,75.9
2024-10-29,64.6
2024-10-30,71.3
2024-10-31,67.8
