date,elec_kwh
2018-01-01,18659.1
2018-01-02,26697.45
2018-01-03,27382.62
2018-01-04,27654.66
2018-01-05,26054.73
2018-01-06,20796.33
2018-01-07,19725.87
2018-01-08,25903.29
2018-01-09,25926.39
2018-01-10,25388.88
2018-01-11,30097.11
2018-01-12,30038.31
2018-01-13,22592.1
2018-01-14,19859.58
2018-01-15,25064.55
2018-01-16,24463.95
2018-01-17,23726.94
2018-01-18,23881.5
2018-01-19,23846.76
2018-01-20,19092.72
2018-01-21,18636.48
2018-01-22,25277.43
2018-01-23,30095.16
2018-01-24,31968.81
2018-01-25,31922.34
2018-01-26,32346.75
2018-01-27,26329.89
2018-01-28,23504.49
2018-01-29,30177.9
2018-01-30,29325.57
2018-01-31,27602.58
2018-02-01,27967.26
2018-02-02,27120.18
2018-02-03,23610.27
2018-02-04,23907.63
2018-02-05,30870.45
2018-02-06,31137.99
2018-02-07,30274.47
2018-02-08,28222.92
2018-02-09,25762.5
2018-02-10,20461.14
2018-02-11,21639.48
2018-02-12,28829.01
2018-02-13,26876.07
2018-02-14,23140.65
2018-02-15,18071.58
2018-02-16,17574.87
2018-02-17,18576.18
2018-02-18,18969.57
2018-02-19,25135.41
2018-02-20,24888.18
2018-02-21,25174.95
2018-02-22,24763.68
2018-02-23,22772.79
2018-02-24,18702.63
2018-02-25,17898.06
2018-02-26,23637.93
2018-02-27,23217.03
2018-02-28,22626.12
2018-03-01,19198.62
2018-03-02,24635.67
2018-03-03,17698.38
2018-03-04,16567.35
2018-03-05,22433.79
2018-03-06,22393.86
2018-03-07,22064.7
2018-03-08,22075.56
2018-03-09,21661.23
2018-03-10,17422.05
2018-03-11,16245.27
2018-03-12,21227.85
2018-03-13,19918.71
2018-03-14,18472.05
2018-03-15,19010.79
2018-03-16,18947.16
2018-03-17,15819.27
2018-03-18,15285.72
2018-03-19,20779.53
2018-03-20,21371.13
2018-03-21,23164.47
2018-03-22,21184.26
2018-03-23,20248.08
2018-03-24,16163.01
2018-03-25,15110.13
2018-03-26,19189.41
2018-03-27,18558.51
2018-03-28,17995.56
2018-03-29,17761.41
2018-03-30,16700.88
2018-03-31,14246.19
2018-04-01,13797.27
2018-04-02,17246.43
2018-04-03,17441.94
2018-04-04,17208.72
2018-04-05,17885.88
2018-04-06,17788.38
2018-04-07,15129.03
2018-04-08,14921.58
2018-04-09,18972.81
2018-04-10,18121.2
2018-04-11,17662.08
2018-04-12,17284.95
2018-04-13,16952.37
2018-04-14,14899.47
2018-04-15,14120.7
2018-04-16,17489.94
2018-04-17,17319.09
2018-04-18,17309.82
2018-04-19,17017.59
2018-04-20,16477.62
2018-04-21,14077.29
2018-04-22,13837.29
2018-04-23,17853.45
2018-04-24,17131.2
2018-04-25,16984.11
2018-04-26,16710.3
2018-04-27,16352.88
2018-04-28,13967.73
2018-04-29,13449
2018-04-30,16747.77
2018-05-01,17031.12
2018-05-02,17572.68
2018-05-03,16781.4
2018-05-04,16181.07
2018-05-05,13651.11
2018-05-06,13777.95
2018-05-07,14247.84
2018-05-08,16924.59
2018-05-09,16921.41
2018-05-10,17161.5
2018-05-11,16888.68
2018-05-12,14698.35
2018-05-13,14039.88
2018-05-14,17213.25
2018-05-15,17838.36
2018-05-16,19338.96
2018-05-17,19196.94
2018-05-18,18108.63
2018-05-19,14750.4
2018-05-20,14002.77
2018-05-21,16767.06
2018-05-22,14874.87
2018-05-23,17346.48
2018-05-24,17312.76
2018-05-25,17278.11
2018-05-26,15216.42
2018-05-27,14530.35
2018-05-28,18380.58
2018-05-29,18822.18
2018-05-30,18777.51
2018-05-31,18671.37
2018-06-01,19233.3
2018-06-02,16131.33
2018-06-03,15247.23
2018-06-04,19368.54
2018-06-05,20111.55
2018-06-06,16566.81
2018-06-07,20167.71
2018-06-08,19663.53
2018-06-09,16808.67
2018-06-10,15021.27
2018-06-11,18838.23
2018-06-12,19262.1
2018-06-13,16365.96
2018-06-14,19366.68
2018-06-15,18790.71
2018-06-16,15846.66
2018-06-17,15563.28
2018-06-18,19976.13
2018-06-19,19761.78
2018-06-20,19759.2
2018-06-21,19751.22
2018-06-22,19760.91
2018-06-23,16329.66
2018-06-24,15865.23
2018-06-25,21267.87
2018-06-26,20408.73
2018-06-27,20049.6
2018-06-28,20592.57
2018-06-29,20148.42
2018-06-30,16890.39
2018-07-01,15609.12
2018-07-02,20616.36
2018-07-03,22198.86
2018-07-04,22585.83
2018-07-05,21906.87
2018-07-06,20235.3
2018-07-07,16339.71
2018-07-08,15705.51
2018-07-09,19833.36
2018-07-10,17656.44
2018-07-11,22202.73
2018-07-12,21969.06
2018-07-13,22466.16
2018-07-14,18471.66
2018-07-15,17702.4
2018-07-16,23358.09
2018-07-17,23240.58
2018-07-18,23165.4
2018-07-19,23533.32
2018-07-20,23050.08
2018-07-21,19326.69
2018-07-22,17924.19
2018-07-23,24843.75
2018-07-24,22261.32
2018-07-25,24851.64
2018-07-26,24830.7
2018-07-27,24942.99
2018-07-28,20142.6
2018-07-29,18558.66
2018-07-30,23478.99
2018-07-31,24916.56
2018-08-01,25668.9
2018-08-02,26004.72
2018-08-03,25575.54
2018-08-04,19831.2
2018-08-05,18641.64
2018-08-06,24967.44
2018-08-07,25052.91
2018-08-08,25386.12
2018-08-09,24944.82
2018-08-10,24535.62
2018-08-11,19914.24
2018-08-12,18627.78
2018-08-13,25001.01
2018-08-14,24870.57
2018-08-15,20380.98
2018-08-16,23489.49
2018-08-17,22175.34
2018-08-18,18183.45
2018-08-19,17268.9
2018-08-20,22312.95
2018-08-21,22913.61
2018-08-22,23966.37
2018-08-23,22933.65
2018-08-24,21838.74
2018-08-25,18244.56
2018-08-26,16444.14
2018-08-27,20882.58
2018-08-28,21418.71
2018-08-29,22020.39
2018-08-30,21986.55
2018-08-31,21382.65
2018-09-01,17417.94
2018-09-02,16358.28
2018-09-03,22399.71
2018-09-04,20913.6
2018-09-05,21768.48
2018-09-06,22272.75
2018-09-07,19692.81
2018-09-08,15505.38
2018-09-09,15036.27
2018-09-10,19423.98
2018-09-11,19353.9
2018-09-12,19385.01
2018-09-13,20165.67
2018-09-14,19756.83
2018-09-15,16509.63
2018-09-16,15103.32
2018-09-17,19112.43
2018-09-18,19019.61
2018-09-19,18292.95
2018-09-20,18694.35
2018-09-21,17935.86
2018-09-22,14487.84
2018-09-23,13589.76
2018-09-24,12960.06
2018-09-25,13191.3
2018-09-26,13752.96
2018-09-27,16890.21
2018-09-28,16507.65
2018-09-29,14649
2018-09-30,13964.19
2018-10-01,16488.66
2018-10-02,16707.72
2018-10-03,14460.6
2018-10-04,17095.11
2018-10-05,14789.67
2018-10-06,8737.41
2018-10-07,11101.32
2018-10-08,13935.09
2018-10-09,11428.95
2018-10-10,16778.73
2018-10-11,16734.03
2018-10-12,16487.4
2018-10-13,14211.69
2018-10-14,12482.85
2018-10-15,15393.12
2018-10-16,16896.09
2018-10-17,16952.31
2018-10-18,17059.56
2018-10-19,16680.9
2018-10-20,14289.78
2018-10-21,13456.56
2018-10-22,17082.63
2018-10-23,17518.77
2018-10-24,17197.65
2018-10-25,16864.8
2018-10-26,16974.36
2018-10-27,14511.75
2018-10-28,14226.42
2018-10-29,18589.08
2018-10-30,19443.78
2018-10-31,19348.95
2018-11-01,19025.97
2018-11-02,18503.1
2018-11-03,14989.14
2018-11-04,14625.78
2018-11-05,18633.27
2018-11-06,18887.79
2018-11-07,18810.81
2018-11-08,18898.47
2018-11-09,17228.61
2018-11-10,15306.48
2018-11-11,14637.45
2018-11-12,19408.77
2018-11-13,19618.14
2018-11-14,19733.25
2018-11-15,19322.64
2018-11-16,18843.39
2018-11-17,15146.85
2018-11-18,13008.39
2018-11-19,19103.31
2018-11-20,20156.82
2018-11-21,21760.68
2018-11-22,22433.31
2018-11-23,21597
2018-11-24,18320.79
2018-11-25,17012.04
2018-11-26,22492.44
2018-11-27,21865.05
2018-11-28,22205.58
2018-11-29,22670.31
2018-11-30,22258.77
2018-12-01,17536.98
2018-12-02,16563.15
2018-12-03,20331.42
2018-12-04,21748.44
2018-12-05,23673.03
2018-12-06,23744.22
2018-12-07,25927.68
2018-12-08,22107.21
2018-12-09,23523.12
2018-12-10,28997.88
2018-12-11,27254.82
2018-12-12,27238.17
2018-12-13,27472.65
2018-12-14,27572.07
2018-12-15,21882.3
2018-12-16,19866.93
2018-12-17,25131.27
2018-12-18,25343.79
2018-12-19,23736.09
2018-12-20,23313.45
2018-12-21,22489.05
2018-12-22,17583.9
2018-12-23,17422.74
2018-12-24,24252.63
2018-12-25,18978.36
2018-12-26,25162.11
2018-12-27,28927.08
2018-12-28,29744.76
2018-12-29,24394.74
2018-12-30,23308.32
2018-12-31,26752.92
2019-01-01,20969.19
2019-01-02,28773.3
2019-01-03,27590.07
2019-01-04,26640.78
2019-01-05,21254.46
2019-01-06,19693.26
2019-01-07,27418.35
2019-01-08,27347.13
2019-01-09,28823.64
2019-01-10,26716.59
2019-01-11,24562.89
2019-01-12,19647.78
2019-01-13,19111.35
2019-01-14,25658.25
2019-01-15,25019.7
2019-01-16,27106.23
2019-01-17,24535.8
2019-01-18,24977.85
2019-01-19,18543.48
2019-01-20,19179.96
2019-01-21,26220.06
2019-01-22,24928.11
2019-01-23,24190.71
2019-01-24,24489.45
2019-01-25,24931.44
2019-01-26,20952.24
2019-01-27,19270.53
2019-01-28,24606.78
2019-01-29,24754.83
2019-01-30,24302.79
2019-01-31,25034.91
2019-02-01,24587.58
2019-02-02,18505.35
2019-02-03,17340.18
2019-02-04,17663.46
2019-02-05,16929.12
2019-02-06,17425.74
2019-02-07,24959.37
2019-02-08,26794.14
2019-02-09,21738.51
2019-02-10,20990.52
2019-02-11,27681.09
2019-02-12,26912.07
2019-02-13,26346.72
2019-02-14,25279.41
2019-02-15,25188.15
2019-02-16,20745.78
2019-02-17,19752.03
2019-02-18,25680.33
2019-02-19,25317.12
2019-02-20,24659.25
2019-02-21,23576.19
2019-02-22,22403.82
2019-02-23,17619.33
2019-02-24,16672.5
2019-02-25,22269.78
2019-02-26,22079.28
2019-02-27,20781.63
2019-02-28,20516.67
2019-03-01,16507.95
2019-03-02,16547.61
2019-03-03,15711.15
2019-03-04,20637.87
2019-03-05,20367.39
2019-03-06,20339.28
2019-03-07,20100.96
2019-03-08,19932.54
2019-03-09,16291.38
2019-03-10,15308.85
2019-03-11,20930.25
2019-03-12,21889.62
2019-03-13,22164.42
2019-03-14,21674.64
2019-03-15,20847.87
2019-03-16,16992.03
2019-03-17,16103.61
2019-03-18,20848.26
2019-03-19,19910.07
2019-03-20,19855.29
2019-03-21,20077.11
2019-03-22,18864.21
2019-03-23,16517.73
2019-03-24,15998.88
2019-03-25,20994.6
2019-03-26,19590.48
2019-03-27,19028.61
2019-03-28,18770.82
2019-03-29,17868.21
2019-03-30,15758.76
2019-03-31,15595.68
2019-04-01,20780.19
2019-04-02,20356.74
2019-04-03,19824.78
2019-04-04,19180.8
2019-04-05,18144.51
2019-04-06,15321.9
2019-04-07,14250.87
2019-04-08,18145.92
2019-04-09,19200.99
2019-04-10,20327.85
2019-04-11,18777.27
2019-04-12,16536.81
2019-04-13,14093.1
2019-04-14,14207.07
2019-04-15,18054.33
2019-04-16,17615.22
2019-04-17,17170.32
2019-04-18,17527.23
2019-04-19,17020.17
2019-04-20,14429.76
2019-04-21,14097.87
2019-04-22,16917.48
2019-04-23,17279.4
2019-04-24,17508
2019-04-25,17351.97
2019-04-26,17293.08
2019-04-27,14359.86
2019-04-28,13863.75
2019-04-29,17345.19
2019-04-30,17038.68
2019-05-01,16270.02
2019-05-02,16659.63
2019-05-03,16352.97
2019-05-04,14103.27
2019-05-05,13475.88
2019-05-06,13700.04
2019-05-07,16590.75
2019-05-08,16753.56
2019-05-09,16672.14
2019-05-10,16554.09
2019-05-11,14482.65
2019-05-12,14051.67
2019-05-13,17203.77
2019-05-14,17394.27
2019-05-15,17628.3
2019-05-16,18145.71
2019-05-17,18059.28
2019-05-18,15542.7
2019-05-19,15065.43
2019-05-20,17162.85
2019-05-21,17048.19
2019-05-22,17239.98
2019-05-23,17997.72
2019-05-24,18742.02
2019-05-25,16294.14
2019-05-26,15567.57
2019-05-27,18479.58
2019-05-28,15873.42
2019-05-29,18097.05
2019-05-30,16111.14
2019-05-31,17320.77
2019-06-01,14979.75
2019-06-02,14334.75
2019-06-03,18392.25
2019-06-04,19204.08
2019-06-05,19638.66
2019-06-06,16439.91
2019-06-07,18303.15
2019-06-08,16186.74
2019-06-09,15518.82
2019-06-10,18292.98
2019-06-11,18638.37
2019-06-12,19243.71
2019-06-13,19477.92
2019-06-14,19183.62
2019-06-15,16276.95
2019-06-16,15237.48
2019-06-17,18698.91
2019-06-18,18895.08
2019-06-19,19109.46
2019-06-20,19149.27
2019-06-21,18917.85
2019-06-22,15920.76
2019-06-23,15280.8
2019-06-24,19883.22
2019-06-25,20296.92
2019-06-26,20638.74
2019-06-27,21123.93
2019-06-28,20667.9
2019-06-29,16396.62
2019-06-30,15997.32
2019-07-01,20329.08
2019-07-02,20510.82
2019-07-03,20629.95
2019-07-04,20750.79
2019-07-05,21015.6
2019-07-06,17616.69
2019-07-07,16731.96
2019-07-08,21119.73
2019-07-09,21064.89
2019-07-10,20798.76
2019-07-11,20318.22
2019-07-12,20323.68
2019-07-13,17196.69
2019-07-14,16447.68
2019-07-15,21254.34
2019-07-16,21570.93
2019-07-17,21897.09
2019-07-18,22088.91
2019-07-19,22403.43
2019-07-20,18705.81
2019-07-21,17579.97
2019-07-22,23223.24
2019-07-23,23588.58
2019-07-24,23632.2
2019-07-25,23525.34
2019-07-26,22929.66
2019-07-27,19128.03
2019-07-28,18071.97
2019-07-29,23408.94
2019-07-30,23928.3
2019-07-31,23041.5
2019-08-01,23071.56
2019-08-02,23212.5
2019-08-03,19051.23
2019-08-04,18116.19
2019-08-05,24366.27
2019-08-06,25026.42
2019-08-07,23928.75
2019-08-08,24317.07
2019-08-09,24251.46
2019-08-10,20259.78
2019-08-11,18777.81
2019-08-12,24289.26
2019-08-13,24956.22
2019-08-14,24980.94
2019-08-15,19214.28
2019-08-16,22975.38
2019-08-17,18843.84
2019-08-18,17535.09
2019-08-19,22439.61
2019-08-20,22921.56
2019-08-21,23145.3
2019-08-22,22985.04
2019-08-23,22313.28
2019-08-24,18051.03
2019-08-25,17273.97
2019-08-26,22130.64
2019-08-27,22214.04
2019-08-28,22537.08
2019-08-29,21990.87
2019-08-30,20598.3
2019-08-31,17275.23
2019-09-01,16536.24
2019-09-02,21621.81
2019-09-03,22029
2019-09-04,22038.87
2019-09-05,22324.98
2019-09-06,22261.65
2019-09-07,18143.67
2019-09-08,17444.79
2019-09-09,22373.85
2019-09-10,22744.77
2019-09-11,21362.25
2019-09-12,15470.79
2019-09-13,14886.36
2019-09-14,15501.81
2019-09-15,16088.49
2019-09-16,20831.7
2019-09-17,20450.55
2019-09-18,19794.84
2019-09-19,18838.77
2019-09-20,18242.25
2019-09-21,15893.13
2019-09-22,15172.65
2019-09-23,18159.63
2019-09-24,18536.13
2019-09-25,18925.8
2019-09-26,19153.47
2019-09-27,18755.91
2019-09-28,16497.33
2019-09-29,15751.8
2019-09-30,19366.44
2019-10-01,19983.06
2019-10-02,20072.64
2019-10-03,16865.28
2019-10-04,19401.36
2019-10-05,16183.83
2019-10-06,14821.71
2019-10-07,17847.75
2019-10-08,17438.88
2019-10-09,14716.83
2019-10-10,17163.99
2019-10-11,17280.24
2019-10-12,14990.79
2019-10-13,14386.05
2019-10-14,17158.59
2019-10-15,15992.58
2019-10-16,17264.37
2019-10-17,17292.66
2019-10-18,17169.51
2019-10-19,15106.02
2019-10-20,14644.53
2019-10-21,17580.42
2019-10-22,17834.67
2019-10-23,17780.04
2019-10-24,17643.18
2019-10-25,17217.51
2019-10-26,14820.9
2019-10-27,14191.44
2019-10-28,17367.03
2019-10-29,17679.15
2019-10-30,17590.74
2019-10-31,17616.96
2019-11-01,17056.59
2019-11-02,14477.16
2019-11-03,12531.75
2019-11-04,16766.7
2019-11-05,17554.56
2019-11-06,17914.65
2019-11-07,17968.92
2019-11-08,18585.12
2019-11-09,15677.64
2019-11-10,15034.32
2019-11-11,19174.89
2019-11-12,19707.36
2019-11-13,20866.71
2019-11-14,22008.48
2019-11-15,21402.39
2019-11-16,17081.58
2019-11-17,16402.11
2019-11-18,21991.14
2019-11-19,23644.86
2019-11-20,24283.02
2019-11-21,23304.36
2019-11-22,21131.04
2019-11-23,16606.59
2019-11-24,16088.79
2019-11-25,23207.1
2019-11-26,22155.72
2019-11-27,22989.33
2019-11-28,22852.59
2019-11-29,23301.81
2019-11-30,18806.1
2019-12-01,17764.8
2019-12-02,24873.78
2019-12-03,25903.68
2019-12-04,24985.56
2019-12-05,26709.84
2019-12-06,27648.18
2019-12-07,22114.5
2019-12-08,20603.61
2019-12-09,26107.23
2019-12-10,23628.96
2019-12-11,23172.42
2019-12-12,25018.8
2019-12-13,24276.87
2019-12-14,19358.1
2019-12-15,18441.63
2019-12-16,23032.14
2019-12-17,22355.85
2019-12-18,23600.43
2019-12-19,24440.25
2019-12-20,24240.57
2019-12-21,19898.43
2019-12-22,18109.29
2019-12-23,23850.09
2019-12-24,23052.66
2019-12-25,17817.48
2019-12-26,23654.52
2019-12-27,24370.56
2019-12-28,19159.8
2019-12-29,17940.75
2019-12-30,23535.69
2019-12-31,25247.13
2023-01-01,19694.07
2023-01-02,22325.61
2023-01-03,22192.2
2023-01-04,21668.94
2023-01-05,20678.31
2023-01-06,19809.39
2023-01-07,19558.77
2023-01-08,20776.71
2023-01-09,23956.53
2023-01-10,25661.19
2023-01-11,25909.26
2023-01-12,23426.28
2023-01-13,21179.64
2023-01-14,23073.21
2023-01-15,25128.27
2023-01-16,26624.97
2023-01-17,25800.63
2023-01-18,25257.6
2023-01-19,23268.81
2023-01-20,21779.91
2023-01-21,22350.27
2023-01-22,23863.83
2023-01-23,25065.12
2023-01-24,27586.47
2023-01-25,29142.48
2023-01-26,23877.57
2023-01-27,21040.02
2023-01-28,26707.8
2023-01-29,27693.66
2023-01-30,28648.08
2023-01-31,28045.41
2023-02-01,28990.89
2023-02-02,27464.22
2023-02-03,24442.5
2023-02-04,25005.69
2023-02-05,26287.41
2023-02-06,27534.75
2023-02-07,27205.11
2023-02-08,26533.77
2023-02-09,23926.71
2023-02-10,21533.94
2023-02-11,23147.37
2023-02-12,25582.83
2023-02-13,27241.77
2023-02-14,27045.9
2023-02-15,26352.03
2023-02-16,23751.27
2023-02-17,21558.09
2023-02-18,22318.02
2023-02-19,23626.56
2023-02-20,25781.52
2023-02-21,25167.45
2023-02-22,24463.62
2023-02-23,22286.46
2023-02-24,20819.55
2023-02-25,22605.93
2023-02-26,24913.77
2023-02-27,21893.76
2023-02-28,26290.17
2023-03-01,24359.13
2023-03-02,23826.36
2023-03-03,21978.99
2023-03-04,19830.78
2023-03-05,20905.14
2023-03-06,27080.58
2023-03-07,28805.37
2023-03-08,27684.6
2023-03-09,25250.61
2023-03-10,22174.56
2023-03-11,22795.02
2023-03-12,24416.31
2023-03-13,25805.82
2023-03-14,25271.28
2023-03-15,25408.5
2023-03-16,23301.24
2023-03-17,21167.7
2023-03-18,21499.59
2023-03-19,22782.75
2023-03-20,23960.88
2023-03-21,23596.47
2023-03-22,22966.77
2023-03-23,20937.24
2023-03-24,19306.86
2023-03-25,20120.4
2023-03-26,21492.93
2023-03-27,23395.11
2023-03-28,23433.78
2023-03-29,22939.8
2023-03-30,20776.59
2023-03-31,18933.63
2023-04-01,20256.78
2023-04-02,22342.17
2023-04-03,23446.77
2023-04-04,23088.18
2023-04-05,22762.11
2023-04-06,20858.28
2023-04-07,19159.59
2023-04-08,15430.62
2023-04-09,17140.17
2023-04-10,20782.5
2023-04-11,21657.9
2023-04-12,22742.1
2023-04-13,20562.06
2023-04-14,18342.81
2023-04-15,19012.35
2023-04-16,19285.77
2023-04-17,19939.95
2023-04-18,20057.64
2023-04-19,19493.88
2023-04-20,17968.95
2023-04-21,16993.83
2023-04-22,18614.4
2023-04-23,19864.2
2023-04-24,20347.14
2023-04-25,20707.23
2023-04-26,20759.58
2023-04-27,18740.67
2023-04-28,17225.85
2023-04-29,18064.38
2023-04-30,18158.76
2023-05-01,18814.92
2023-05-02,18559.29
2023-05-03,18388.35
2023-05-04,17355.21
2023-05-05,15565.95
2023-05-06,16991.67
2023-05-07,18204.51
2023-05-08,19044.93
2023-05-09,18767.1
2023-05-10,18346.95
2023-05-11,17088.75
2023-05-12,15946.08
2023-05-13,16156.02
2023-05-14,17062.23
2023-05-15,18435.99
2023-05-16,19186.2
2023-05-17,19077.54
2023-05-18,17916.6
2023-05-19,16746.06
2023-05-20,17016.03
2023-05-21,17784.33
2023-05-22,18980.64
2023-05-23,19054.02
2023-05-24,18602.01
2023-05-25,17617.95
2023-05-26,16411.14
2023-05-27,17011.38
2023-05-28,17692.5
2023-05-29,18043.62
2023-05-30,19647.27
2023-05-31,19300.02
2023-06-01,18061.65
2023-06-02,16948.62
2023-06-03,16970.58
2023-06-04,17858.31
2023-06-05,19434.09
2023-06-06,18161.13
2023-06-07,19086.63
2023-06-08,18290.34
2023-06-09,17216.55
2023-06-10,17120.28
2023-06-11,17508.45
2023-06-12,19065.9
2023-06-13,19488.99
2023-06-14,18773.19
2023-06-15,17962.44
2023-06-16,17101.2
2023-06-17,16837.5
2023-06-18,17857.17
2023-06-19,19766.58
2023-06-20,19454.46
2023-06-21,19395.39
2023-06-22,18598.29
2023-06-23,17495.28
2023-06-24,17631.33
2023-06-25,18979.47
2023-06-26,21043.86
2023-06-27,21270.99
2023-06-28,21022.47
2023-06-29,20051.52
2023-06-30,18845.25
2023-07-01,18425.43
2023-07-02,19333.86
2023-07-03,21269.55
2023-07-04,20976.81
2023-07-05,20536.44
2023-07-06,19987.77
2023-07-07,18997.26
2023-07-08,17733.6
2023-07-09,19201.68
2023-07-10,22462.17
2023-07-11,21807.51
2023-07-12,21915.93
2023-07-13,20326.32
2023-07-14,18884.91
2023-07-15,18589.26
2023-07-16,18222.39
2023-07-17,20543.16
2023-07-18,21661.83
2023-07-19,21698.07
2023-07-20,21076.11
2023-07-21,19750.26
2023-07-22,19573.02
2023-07-23,20451.09
2023-07-24,22512.21
2023-07-25,22669.38
2023-07-26,22554.9
2023-07-27,21309.33
2023-07-28,20220.39
2023-07-29,20525.73
2023-07-30,21634.05
2023-07-31,22730.55
2023-08-01,22900.38
2023-08-02,22842.24
2023-08-03,21792.66
2023-08-04,20607.93
2023-08-05,20752.68
2023-08-06,21835.35
2023-08-07,24354.03
2023-08-08,24417.54
2023-08-09,24038.79
2023-08-10,21564.6
2023-08-11,20454.3
2023-08-12,20840.67
2023-08-13,22463.28
2023-08-14,24016.68
2023-08-15,22366.47
2023-08-16,23989.83
2023-08-17,22275.33
2023-08-18,20933.79
2023-08-19,21277.74
2023-08-20,22264.68
2023-08-21,24358.23
2023-08-22,24366.96
2023-08-23,23934.93
2023-08-24,22161.33
2023-08-25,20599.95
2023-08-26,20874.39
2023-08-27,22075.5
2023-08-28,23626.89
2023-08-29,24154.92
2023-08-30,23907.84
2023-08-31,22240.14
2023-09-01,20624.22
2023-09-02,20904.87
2023-09-03,22437.63
2023-09-04,25022.22
2023-09-05,25104.93
2023-09-06,25328.13
2023-09-07,23258.94
2023-09-08,20801.67
2023-09-09,21463.77
2023-09-10,23039.88
2023-09-11,25006.47
2023-09-12,25046.16
2023-09-13,24597
2023-09-14,22821.06
2023-09-15,20934.78
2023-09-16,21906.96
2023-09-17,23400.21
2023-09-18,25184.46
2023-09-19,24034.86
2023-09-20,22911.48
2023-09-21,21091.77
2023-09-22,19463.43
2023-09-23,20299.38
2023-09-24,20085.81
2023-09-25,21804.51
2023-09-26,23383.92
2023-09-27,23485.26
2023-09-28,20605.83
2023-09-29,18729.96
2023-09-30,20639.76
2023-10-01,22122.57
2023-10-02,22175.16
2023-10-03,21705.99
2023-10-04,22500.81
2023-10-05,20717.1
2023-10-06,18912.18
2023-10-07,19518.03
2023-10-08,20834.82
2023-10-09,20832.03
2023-10-10,21325.98
2023-10-11,21309.06
2023-10-12,20054.31
2023-10-13,18516.48
2023-10-14,20100.48
2023-10-15,22039.86
2023-10-16,22692.12
2023-10-17,22434.51
2023-10-18,21928.44
2023-10-19,20402.49
2023-10-20,18840.6
2023-10-21,19985.28
2023-10-22,21314.82
2023-10-23,22259.22
2023-10-24,22023.15
2023-10-25,21644.94
2023-10-26,20030.49
2023-10-27,18537.69
2023-10-28,19565.22
2023-10-29,20950.2
2023-10-30,21779.34
2023-10-31,20926.95
2023-11-01,20366.79
2023-11-02,19234.02
2023-11-03,17955.06
2023-11-04,18254.49
2023-11-05,19499.37
2023-11-06,20292.24
2023-11-07,18926.13
2023-11-08,17611.23
2023-11-09,17330.22
2023-11-10,17436.69
2023-11-11,16591.71
2023-11-12,16601.4
2023-11-13,19805.04
2023-11-14,20434.29
2023-11-15,20056.47
2023-11-16,19065.3
2023-11-17,18498.12
2023-11-18,16022.07
2023-11-19,17451.87
2023-11-20,20144.52
2023-11-21,20331.72
2023-11-22,20189.07
2023-11-23,18634.83
2023-11-24,18577.11
2023-11-25,18576.42
2023-11-26,18594.6
2023-11-27,20484.69
2023-11-28,21242.64
2023-11-29,21250.77
2023-11-30,20187.24
2023-12-01,19136.79
2023-12-02,18869.34
2023-12-03,19681.86
2023-12-04,21775.2
2023-12-05,21402.69
2023-12-06,21013.59
2023-12-07,19672.89
2023-12-08,17963.43
2023-12-09,17891.73
2023-12-10,18673.38
2023-12-11,20610.21
2023-12-12,21018.15
2023-12-13,20749.89
2023-12-14,19839.12
2023-12-15,18727.2
2023-12-16,19243.38
2023-12-17,20584.62
2023-12-18,23236.41
2023-12-19,23173.53
2023-12-20,23512.92
2023-12-21,23428.83
2023-12-22,22368.15
2023-12-23,22667.16
2023-12-24,23967.42
2023-12-25,23897.79
2023-12-26,25172.58
2023-12-27,24957.99
2023-12-28,23573.73
2023-12-29,22569.54
2023-12-30,21890.46
2023-12-31,22822.41
2024-01-01,22558.8
2024-01-02,23476.2
2024-01-03,24103.77
2024-01-04,23633.04
2024-01-05,21807.6
2024-01-06,22455.03
2024-01-07,24340.53
2024-01-08,27309.9
2024-01-09,27522.15
2024-01-10,27728.52
2024-01-11,25006.53
2024-01-12,22675.59
2024-01-13,23673.21
2024-01-14,24498.36
2024-01-15,25932.09
2024-01-16,25356.48
2024-01-17,24588.06
2024-01-18,21465.69
2024-01-19,19817.25
2024-01-20,17109.03
2024-01-21,21264.69
2024-01-22,25238.04
2024-01-23,25864.56
2024-01-24,25836
2024-01-25,24450.93
2024-01-26,23324.52
2024-01-27,24838.98
2024-01-28,27081.87
2024-01-29,29096.67
2024-01-30,29764.29
2024-01-31,29863.71
2024-02-01,27294.3
2024-02-02,24000.75
2024-02-03,21869.97
2024-02-04,23472.81
2024-02-05,26682.6
2024-02-06,26284.47
2024-02-07,25819.68
2024-02-08,23184.09
2024-02-09,19975.05
2024-02-10,19446.87
2024-02-11,22091.19
2024-02-12,23915.94
2024-02-13,25615.35
2024-02-14,24368.64
2024-02-15,22632.75
2024-02-16,21394.56
2024-02-17,21946.77
2024-02-18,22193.4
2024-02-19,25466.55
2024-02-20,25856.19
2024-02-21,25538.34
2024-02-22,23407.11
2024-02-23,21624.09
2024-02-24,23027.58
2024-02-25,25027.5
2024-02-26,26641.08
2024-02-27,25787.88
2024-02-28,24561.06
2024-02-29,22530.63
2024-03-01,20422.14
2024-03-02,23885.85
2024-03-03,27062.07
2024-03-04,29589.39
2024-03-05,28836.51
2024-03-06,27516.03
2024-03-07,24649.59
2024-03-08,22728.42
2024-03-09,23587.59
2024-03-10,24735.54
2024-03-11,25676.61
2024-03-12,25042.8
2024-03-13,24531.6
2024-03-14,22350.39
2024-03-15,20220.36
2024-03-16,21028.56
2024-03-17,23128.11
2024-03-18,25019.91
2024-03-19,24456.39
2024-03-20,22005.33
2024-03-21,20085.3
2024-03-22,19656.24
2024-03-23,18520.11
2024-03-24,19926.57
2024-03-25,21915.15
2024-03-26,22321.08
2024-03-27,22767.33
2024-03-28,21220.41
2024-03-29,19853.25
2024-03-30,20756.31
2024-03-31,21012.51
2024-04-01,23031.36
2024-04-02,23535.78
2024-04-03,23430.12
2024-04-04,21339.21
2024-04-05,19857.72
2024-04-06,20778.78
2024-04-07,21848.4
2024-04-08,22505.1
2024-04-09,22135.14
2024-04-10,20192.04
2024-04-11,20373.9
2024-04-12,19778.52
2024-04-13,20723.85
2024-04-14,21888
2024-04-15,22355.19
2024-04-16,22504.23
2024-04-17,22524.51
2024-04-18,20828.94
2024-04-19,19152.66
2024-04-20,20323.62
2024-04-21,21699.54
2024-04-22,22229.01
2024-04-23,21716.04
2024-04-24,21093.63
2024-04-25,19347.3
2024-04-26,17668.95
2024-04-27,18831.51
2024-04-28,20569.11
2024-04-29,21902.31
2024-04-30,21946.23
2024-05-01,21073.02
2024-05-02,18891
2024-05-03,17275.8
2024-05-04,17859.42
2024-05-05,19446.15
2024-05-06,19532.19
2024-05-07,20204.94
2024-05-08,20086.98
2024-05-09,18882.78
2024-05-10,17274
2024-05-11,17855.79
2024-05-12,18302.58
2024-05-13,19492.5
2024-05-14,19326.27
2024-05-15,18179.49
2024-05-16,17711.28
2024-05-17,16775.28
2024-05-18,17337.72
2024-05-19,18155.7
2024-05-20,18496.44
2024-05-21,18811.08
2024-05-22,19219.29
2024-05-23,18206.1
2024-05-24,17272.83
2024-05-25,17597.58
2024-05-26,18423.66
2024-05-27,19228.14
2024-05-28,19234.95
2024-05-29,19257.42
2024-05-30,18376.65
2024-05-31,17518.8
2024-06-01,17470.92
2024-06-02,18062.97
2024-06-03,19464.39
2024-06-04,19477.56
2024-06-05,19614.93
2024-06-06,17597.49
2024-06-07,17754.21
2024-06-08,17918.28
2024-06-09,18864.48
2024-06-10,20428.11
2024-06-11,20383.02
2024-06-12,20220.27
2024-06-13,19426.17
2024-06-14,18912.54
2024-06-15,17454.03
2024-06-16,17845.02
2024-06-17,19705.83
2024-06-18,20029.89
2024-06-19,20509.56
2024-06-20,19354.05
2024-06-21,18250.26
2024-06-22,18013.32
2024-06-23,18916.11
2024-06-24,19692.12
2024-06-25,18986.85
2024-06-26,19987.44
2024-06-27,19253.13
2024-06-28,18673.08
2024-06-29,18477.24
2024-06-30,19759.05
2024-07-01,21591.93
2024-07-02,21396.09
2024-07-03,21355.95
2024-07-04,20288.7
2024-07-05,18997.08
2024-07-06,18669.93
2024-07-07,19368.21
2024-07-08,21411.03
2024-07-09,21374.19
2024-07-10,21557.64
2024-07-11,20483.49
2024-07-12,19303.23
2024-07-13,19246.02
2024-07-14,20212.14
2024-07-15,22596.66
2024-07-16,21685.29
2024-07-17,21664.65
2024-07-18,21327.15
2024-07-19,20228.73
2024-07-20,20259.75
2024-07-21,21747.21
2024-07-22,23839.92
2024-07-23,23578.41
2024-07-24,23970
2024-07-25,22788.54
2024-07-26,21383.46
2024-07-27,20854.68
2024-07-28,21817.71
2024-07-29,24116.46
2024-07-30,24469.83
2024-07-31,24568.62
2024-08-01,23247.81
2024-08-02,21791.94
2024-08-03,21845.4
2024-08-04,22516.05
2024-08-05,24595.17
2024-08-06,24425.58
2024-08-07,24607.8
2024-08-08,23611.98
2024-08-09,22230.57
2024-08-10,22242.27
2024-08-11,23275.11
2024-08-12,25192.92
2024-08-13,25164.96
2024-08-14,24961.8
2024-08-15,21967.86
2024-08-16,22125.39
2024-08-17,22240.68
2024-08-18,23041.59
2024-08-19,25146.78
2024-08-20,25433.25
2024-08-21,22504.83
2024-08-22,25001.37
2024-08-23,24426
2024-08-24,21310.41
2024-08-25,21964.5
2024-08-26,25624.56
2024-08-27,25247.85
2024-08-28,24964.44
2024-08-29,25498.5
2024-08-30,23949.63
2024-08-31,20879.16
2024-09-01,21950.7
2024-09-02,25866.12
2024-09-03,25820.88
2024-09-04,26070
2024-09-05,26040.27
2024-09-06,24129.12
2024-09-07,20977.17
2024-09-08,22162.74
2024-09-09,26663.19
2024-09-10,27098.73
2024-09-11,27135.9
2024-09-12,24985.74
2024-09-13,24660.03
2024-09-14,21516.63
2024-09-15,22423.08
2024-09-16,24251.82
2024-09-17,24411.54
2024-09-18,24571.86
2024-09-19,23360.79
2024-09-20,25063.77
2024-09-21,21119.91
2024-09-22,22297.11
2024-09-23,25609.2
2024-09-24,25145.07
2024-09-25,23757.36
2024-09-26,25180.92
2024-09-27,23389.05
2024-09-28,20558.82
2024-09-29,22007.79
2024-09-30,25700.01
2024-10-01,23920.53
2024-10-02,24245.04
2024-10-03,23076.48
2024-10-04,22132.53
2024-10-05,19798.8
2024-10-06,20939.82
2024-10-07,23477.28
2024-10-08,23733.72
2024-10-09,23256.54
2024-10-10,23717.13
2024-10-11,22064.73
2024-10-12,19479.87
2024-10-13,20247.27
2024-10-14,21317.88
2024-10-15,21476.67
2024-10-16,22091.16
2024-10-17,23991.24
2024-10-18,22590.48
2024-10-19,19482.06
2024-10-20,20363.82
2024-10-21,22787.97
2024-10-22,23062.29
2024-10-23,22879.32
2024-10-24,22645.41
2024-10-25,20787.51
2024-10-26,18591.9
2024-10-27,18262.86
2024-10-28,20822.73
2024-10-29,19663.8
2024-10-30,21806.97
2024-10-31,20559.69
