date,Temp_c
2018-01-01,-2.470833333333333
2018-01-02,-1.7750000000000001
2018-01-03,-5.770833333333333
2018-01-04,-6.216666666666666
2018-01-05,-4.804166666666666
2018-01-06,-4.120833333333334
2018-01-07,-2.85
2018-01-08,0.5666666666666667
2018-01-09,-4.491666666666666
2018-01-10,-7.708333333333333
2018-01-11,-11.458333333333334
2018-01-12,-11.883333333333333
2018-01-13,-5.483333333333333
2018-01-14,-0.9208333333333334
2018-01-15,3.670833333333333
2018-01-16,2.3791666666666664
2018-01-17,3.1208333333333336
2018-01-18,1.575
2018-01-19,-0.25
2018-01-20,1.0083333333333333
2018-01-21,-1.3
2018-01-22,-0.225
2018-01-23,-11.308333333333332
2018-01-24,-14.541666666666666
2018-01-25,-14.441666666666668
2018-01-26,-15.583333333333334
2018-01-27,-12.3375
2018-01-28,-6.5249999999999995
2018-01-29,-8.908333333333333
2018-01-30,-7.070833333333333
2018-01-31,-2.954166666666667
2018-02-01,-6.108333333333333
2018-02-02,-4.4624999999999995
2018-02-03,-7.220833333333334
2018-02-04,-9.862499999999999
2018-02-05,-9.725
2018-02-06,-10.616666666666667
2018-02-07,-10.35
2018-02-08,-6.170833333333333
2018-02-09,-1.0625
2018-02-10,-0.32916666666666666
2018-02-11,-6.6125
2018-02-12,-6.7625
2018-02-13,-2.5083333333333333
2018-02-14,2.7624999999999997
2018-02-15,-1.4500000000000002
2018-02-16,-2.3375
2018-02-17,-3.733333333333333
2018-02-18,-2.1333333333333333
2018-02-19,0.3708333333333333
2018-02-20,0.09166666666666669
2018-02-21,-2.1333333333333333
2018-02-22,-0.016666666666666653
2018-02-23,3.375
2018-02-24,1.5916666666666668
2018-02-25,0.6166666666666667
2018-02-26,0.775
2018-02-27,3.016666666666667
2018-02-28,3.65
2018-03-01,-0.3333333333333333
2018-03-02,-2.283333333333333
2018-03-03,6.095833333333334
2018-03-04,9.504166666666666
2018-03-05,5.25
2018-03-06,2.3125
2018-03-07,5.425
2018-03-08,3.3166666666666664
2018-03-09,2.6999999999999997
2018-03-10,2.733333333333333
2018-03-11,4.8374999999999995
2018-03-12,6.566666666666666
2018-03-13,11.579166666666666
2018-03-14,15.583333333333334
2018-03-15,11.754166666666668
2018-03-16,5.829166666666667
2018-03-17,4.770833333333333
2018-03-18,6.629166666666666
2018-03-19,7.233333333333333
2018-03-20,4.375
2018-03-21,0.9791666666666666
2018-03-22,3.2875
2018-03-23,4.254166666666666
2018-03-24,5.795833333333333
2018-03-25,7.470833333333334
2018-03-26,8.504166666666666
2018-03-27,12.275
2018-03-28,13.241666666666667
2018-03-29,13.954166666666666
2018-03-30,12.541666666666666
2018-03-31,11.958333333333334
2018-04-01,13.833333333333334
2018-04-02,16.891666666666666
2018-04-03,16.9375
2018-04-04,12.245833333333332
2018-04-05,7.491666666666667
2018-04-06,5.3625
2018-04-07,3.595833333333333
2018-04-08,3.5541666666666667
2018-04-09,6.375
2018-04-10,14.012500000000001
2018-04-11,11.4375
2018-04-12,12.391666666666666
2018-04-13,12.604166666666666
2018-04-14,8.383333333333333
2018-04-15,7.9875
2018-04-16,9.0875
2018-04-17,10.729166666666666
2018-04-18,10.041666666666666
2018-04-19,11.6
2018-04-20,15.966666666666667
2018-04-21,16.658333333333335
2018-04-22,14.758333333333333
2018-04-23,9.358333333333333
2018-04-24,11.495833333333332
2018-04-25,12.808333333333332
2018-04-26,13.704166666666666
2018-04-27,13.295833333333334
2018-04-28,13.4
2018-04-29,13.799999999999999
2018-04-30,17.054166666666667
2018-05-01,18.708333333333332
2018-05-02,15.049999999999999
2018-05-03,10.575000000000001
2018-05-04,13.15
2018-05-05,16.879166666666666
2018-05-06,15.366666666666667
2018-05-07,17.729166666666668
2018-05-08,16.979166666666668
2018-05-09,14.016666666666666
2018-05-10,13.416666666666666
2018-05-11,14.383333333333333
2018-05-12,13.233333333333334
2018-05-13,14.229166666666666
2018-05-14,15.858333333333334
2018-05-15,21.020833333333332
2018-05-16,21.883333333333336
2018-05-17,20.733333333333334
2018-05-18,16.05
2018-05-19,16.150000000000002
2018-05-20,15.616666666666667
2018-05-21,15.404166666666667
2018-05-22,16.445833333333333
2018-05-23,16.145833333333332
2018-05-24,16.729166666666668
2018-05-25,17.770833333333332
2018-05-26,18.933333333333334
2018-05-27,18.654166666666665
2018-05-28,19.729166666666668
2018-05-29,19.599999999999998
2018-05-30,18.037499999999998
2018-05-31,18.462500000000002
2018-06-01,21.6875
2018-06-02,21.208333333333332
2018-06-03,21.241666666666667
2018-06-04,19.740000000000002
2018-06-05,21.3125
2018-06-06,20.545833333333334
2018-06-07,19.7
2018-06-08,19.925
2018-06-09,21.47083333333333
2018-06-10,19.86818181818182
2018-06-11,18.995833333333334
2018-06-12,19.245833333333334
2018-06-13,19.8625
2018-06-14,20.316666666666666
2018-06-15,20.849999999999998
2018-06-16,20.0125
2018-06-17,20.454166666666666
2018-06-18,22.2625
2018-06-19,20.291666666666668
2018-06-20,20.654166666666665
2018-06-21,21.808333333333334
2018-06-22,22.4875
2018-06-23,22.65833333333333
2018-06-24,23.3625
2018-06-25,24.670833333333334
2018-06-26,21.754166666666666
2018-06-27,20.908333333333335
2018-06-28,22.108333333333334
2018-06-29,22.883333333333336
2018-06-30,23.087500000000002
2018-07-01,21.329166666666666
2018-07-02,22.037499999999998
2018-07-03,25.995833333333334
2018-07-04,25.170833333333334
2018-07-05,23.620833333333334
2018-07-06,22.90416666666667
2018-07-07,22.575
2018-07-08,21.758333333333336
2018-07-09,20.333333333333332
2018-07-10,23.183333333333334
2018-07-11,25.65416666666667
2018-07-12,25.245833333333334
2018-07-13,25.400000000000002
2018-07-14,25.733333333333334
2018-07-15,26.162499999999998
2018-07-16,26.09583333333333
2018-07-17,25.233333333333334
2018-07-18,25.708333333333332
2018-07-19,25.804166666666664
2018-07-20,26.487499999999997
2018-07-21,27.558333333333334
2018-07-22,28.704166666666666
2018-07-23,29.22083333333333
2018-07-24,28.5625
2018-07-25,28.070833333333336
2018-07-26,27.724999999999998
2018-07-27,28.525000000000002
2018-07-28,27.304166666666664
2018-07-29,29.849999999999998
2018-07-30,30.116666666666664
2018-07-31,30.474999999999998
2018-08-01,30.666666666666668
2018-08-02,31.241666666666664
2018-08-03,30.833333333333332
2018-08-04,28.875
2018-08-05,28.15416666666667
2018-08-06,28.84583333333333
2018-08-07,28.983333333333334
2018-08-08,29.037499999999998
2018-08-09,27.316666666666666
2018-08-10,29.058333333333334
2018-08-11,28.933333333333334
2018-08-12,29.037499999999998
2018-08-13,28.491666666666664
2018-08-14,29.34166666666667
2018-08-15,30.208333333333332
2018-08-16,29.308333333333334
2018-08-17,25.775000000000002
2018-08-18,24.97083333333333
2018-08-19,25.537499999999998
2018-08-20,27.054166666666664
2018-08-21,24.741666666666664
2018-08-22,28.65416666666667
2018-08-23,28.295833333333334
2018-08-24,23.070833333333336
2018-08-25,23.004166666666666
2018-08-26,20.658333333333335
2018-08-27,21.245833333333334
2018-08-28,22.775000000000002
2018-08-29,24.670833333333334
2018-08-30,24.916666666666668
2018-08-31,23.2625
2018-09-01,23.8875
2018-09-02,23.8125
2018-09-03,22.9875
2018-09-04,22.375
2018-09-05,23.09166666666667
2018-09-06,22.454166666666666
2018-09-07,20.629166666666666
2018-09-08,18.833333333333332
2018-09-09,18.925
2018-09-10,21.358333333333334
2018-09-11,19.533333333333335
2018-09-12,20.3125
2018-09-13,21.258333333333333
2018-09-14,21.754166666666666
2018-09-15,20.9375
2018-09-16,21.104166666666668
2018-09-17,20.245833333333334
2018-09-18,19.4875
2018-09-19,19.554166666666667
2018-09-20,17.775000000000002
2018-09-21,18.183333333333334
2018-09-22,18.804166666666667
2018-09-23,18.191666666666666
2018-09-24,16.079166666666666
2018-09-25,14.754166666666668
2018-09-26,17.866666666666667
2018-09-27,17.33913043478261
2018-09-28,16.583333333333332
2018-09-29,17.808333333333334
2018-09-30,16.229166666666668
2018-10-01,14.704166666666666
2018-10-02,13.058333333333332
2018-10-03,15.029166666666667
2018-10-04,16.8625
2018-10-05,16.066666666666666
2018-10-06,16.650000000000002
2018-10-07,15.720833333333333
2018-10-08,12.4
2018-10-09,13.595833333333333
2018-10-10,12.204166666666666
2018-10-11,8.579166666666667
2018-10-12,8.333333333333334
2018-10-13,9.791666666666666
2018-10-14,11.029166666666667
2018-10-15,13.775
2018-10-16,12.341666666666667
2018-10-17,10.041666666666666
2018-10-18,10.220833333333333
2018-10-19,10.508333333333335
2018-10-20,10.716666666666667
2018-10-21,10.770833333333334
2018-10-22,11.674999999999999
2018-10-23,11.645833333333334
2018-10-24,10.641666666666667
2018-10-25,11.779166666666667
2018-10-26,12.204166666666666
2018-10-27,8.170833333333333
2018-10-28,8.133333333333333
2018-10-29,6.4624999999999995
2018-10-30,4.7250000000000005
2018-10-31,5.55
2018-11-01,6.229166666666667
2018-11-02,8.799999999999999
2018-11-03,9.416666666666666
2018-11-04,9.695833333333333
2018-11-05,9.875
2018-11-06,10.570833333333335
2018-11-07,12.108333333333334
2018-11-08,12.520833333333334
2018-11-09,11.487499999999999
2018-11-10,10.5875
2018-11-11,7.308333333333334
2018-11-12,5.9375
2018-11-13,6.5625
2018-11-14,7.208333333333333
2018-11-15,7.8999999999999995
2018-11-16,8.370833333333334
2018-11-17,3.3874999999999997
2018-11-18,4.625
2018-11-19,5.75
2018-11-20,4.825
2018-11-21,5.266666666666667
2018-11-22,1.4083333333333332
2018-11-23,0.21666666666666667
2018-11-24,2.7375000000000003
2018-11-25,4.358333333333333
2018-11-26,4.9125000000000005
2018-11-27,7.316666666666666
2018-11-28,3.4499999999999997
2018-11-29,2.4
2018-11-30,0.9125000000000001
2018-12-01,3.9166666666666665
2018-12-02,6.433333333333334
2018-12-03,11.983333333333334
2018-12-04,7.091666666666666
2018-12-05,0.0
2018-12-06,1.7666666666666666
2018-12-07,-6.991666666666667
2018-12-08,-8.5875
2018-12-09,-8.383333333333333
2018-12-10,-4.429166666666666
2018-12-11,-0.425
2018-12-12,-3.0
2018-12-13,-2.625
2018-12-14,-6.670833333333333
2018-12-15,-4.5874999999999995
2018-12-16,-0.6333333333333333
2018-12-17,1.4458333333333335
2018-12-18,1.8291666666666666
2018-12-19,3.483333333333333
2018-12-20,1.8875000000000002
2018-12-21,3.670833333333333
2018-12-22,5.404166666666666
2018-12-23,2.341666666666667
2018-12-24,-3.3833333333333333
2018-12-25,-0.9333333333333332
2018-12-26,-1.1125
2018-12-27,-9.945833333333333
2018-12-28,-11.729166666666666
2018-12-29,-8.058333333333334
2018-12-30,-8.3375
2018-12-31,-6.991666666666667
2019-01-01,-5.879166666666666
2019-01-02,-6.304166666666667
2019-01-03,-5.625
2019-01-04,-2.4541666666666666
2019-01-05,-3.6208333333333336
2019-01-06,-4.833333333333333
2019-01-07,-3.1833333333333336
2019-01-08,-3.7583333333333333
2019-01-09,-6.266666666666667
2019-01-10,-2.095833333333333
2019-01-11,1.2666666666666666
2019-01-12,1.4791666666666667
2019-01-13,-0.4624999999999999
2019-01-14,-0.09166666666666666
2019-01-15,-1.5125
2019-01-16,-6.570833333333333
2019-01-17,-0.9583333333333334
2019-01-18,-1.4791666666666667
2019-01-19,2.245833333333333
2019-01-20,-1.1875
2019-01-21,-1.8958333333333333
2019-01-22,1.0666666666666667
2019-01-23,2.0875
2019-01-24,-1.8250000000000002
2019-01-25,-1.95
2019-01-26,-3.6291666666666664
2019-01-27,-2.254166666666667
2019-01-28,1.1791666666666667
2019-01-29,-2.3416666666666663
2019-01-30,0.36666666666666675
2019-01-31,-2.025
2019-02-01,-3.591666666666667
2019-02-02,0.9083333333333333
2019-02-03,3.141666666666667
2019-02-04,-1.0666666666666667
2019-02-05,1.4375
2019-02-06,4.183333333333334
2019-02-07,-1.6416666666666666
2019-02-08,-6.995833333333334
2019-02-09,-5.929166666666667
2019-02-10,-6.25
2019-02-11,-4.066666666666666
2019-02-12,-1.8458333333333332
2019-02-13,-3.5583333333333336
2019-02-14,-2.783333333333333
2019-02-15,-1.4791666666666667
2019-02-16,-2.920833333333333
2019-02-17,-3.120833333333333
2019-02-18,-1.0791666666666668
2019-02-19,0.3875
2019-02-20,0.7999999999999999
2019-02-21,0.24583333333333335
2019-02-22,1.7874999999999999
2019-02-23,4.329166666666667
2019-02-24,5.158333333333333
2019-02-25,2.5375
2019-02-26,2.766666666666667
2019-02-27,6.166666666666667
2019-02-28,4.5625
2019-03-01,4.566666666666666
2019-03-02,5.425
2019-03-03,7.433333333333334
2019-03-04,8.0375
2019-03-05,6.745833333333334
2019-03-06,6.979166666666667
2019-03-07,4.8125
2019-03-08,3.35
2019-03-09,4.545833333333333
2019-03-10,8.808333333333334
2019-03-11,4.991666666666666
2019-03-12,3.5500000000000003
2019-03-13,2.5208333333333335
2019-03-14,3.154166666666667
2019-03-15,4.258333333333334
2019-03-16,3.1999999999999997
2019-03-17,4.45
2019-03-18,5.170833333333333
2019-03-19,8.404166666666667
2019-03-20,9.416666666666666
2019-03-21,7.195833333333333
2019-03-22,2.725
2019-03-23,2.2708333333333335
2019-03-24,2.525
2019-03-25,6.391666666666667
2019-03-26,9.883333333333333
2019-03-27,11.0375
2019-03-28,8.266666666666667
2019-03-29,8.154166666666667
2019-03-30,4.316666666666666
2019-03-31,3.6666666666666665
2019-04-01,3.725
2019-04-02,4.8875
2019-04-03,5.454166666666667
2019-04-04,7.404166666666666
2019-04-05,9.6625
2019-04-06,8.341666666666667
2019-04-07,11.208333333333334
2019-04-08,9.895833333333334
2019-04-09,9.174999999999999
2019-04-10,5.558333333333334
2019-04-11,7.7250000000000005
2019-04-12,9.5
2019-04-13,9.9625
2019-04-14,8.504166666666666
2019-04-15,9.9125
2019-04-16,13.225
2019-04-17,13.458333333333334
2019-04-18,11.970833333333333
2019-04-19,12.658333333333333
2019-04-20,12.924999999999999
2019-04-21,13.433333333333332
2019-04-22,16.795833333333334
2019-04-23,18.729166666666668
2019-04-24,17.3625
2019-04-25,13.174999999999999
2019-04-26,7.391666666666667
2019-04-27,9.391666666666667
2019-04-28,10.916666666666666
2019-04-29,10.783333333333333
2019-04-30,13.645833333333334
2019-05-01,14.358333333333334
2019-05-02,14.870833333333332
2019-05-03,15.512500000000001
2019-05-04,17.258333333333333
2019-05-05,17.758333333333333
2019-05-06,13.075000000000001
2019-05-07,12.737499999999999
2019-05-08,13.966666666666667
2019-05-09,14.191666666666668
2019-05-10,15.125
2019-05-11,17.275000000000002
2019-05-12,18.491666666666667
2019-05-13,17.212500000000002
2019-05-14,17.337500000000002
2019-05-15,18.258333333333333
2019-05-16,20.758333333333333
2019-05-17,20.912499999999998
2019-05-18,21.0625
2019-05-19,18.833333333333332
2019-05-20,15.1875
2019-05-21,15.258333333333333
2019-05-22,18.354166666666668
2019-05-23,19.445833333333333
2019-05-24,22.0625
2019-05-25,21.1875
2019-05-26,21.974999999999998
2019-05-27,17.129166666666666
2019-05-28,16.825
2019-05-29,18.141666666666666
2019-05-30,18.8625
2019-05-31,17.295833333333334
2019-06-01,16.275000000000002
2019-06-02,18.754166666666666
2019-06-03,20.42083333333333
2019-06-04,20.479166666666668
2019-06-05,20.958333333333332
2019-06-06,19.55
2019-06-07,18.55
2019-06-08,19.587500000000002
2019-06-09,20.329166666666666
2019-06-10,17.833333333333332
2019-06-11,19.17083333333333
2019-06-12,18.8875
2019-06-13,20.516666666666666
2019-06-14,20.854166666666668
2019-06-15,19.708333333333332
2019-06-16,19.316666666666666
2019-06-17,19.329166666666666
2019-06-18,18.941666666666666
2019-06-19,20.287499999999998
2019-06-20,20.991666666666667
2019-06-21,20.804166666666667
2019-06-22,22.537499999999998
2019-06-23,22.72083333333333
2019-06-24,22.358333333333334
2019-06-25,22.891666666666666
2019-06-26,22.991666666666664
2019-06-27,23.754166666666666
2019-06-28,22.599999999999998
2019-06-29,21.245833333333334
2019-06-30,21.829166666666666
2019-07-01,21.849999999999998
2019-07-02,22.349999999999998
2019-07-03,22.166666666666668
2019-07-04,22.895833333333332
2019-07-05,24.954166666666666
2019-07-06,27.829166666666666
2019-07-07,25.575
2019-07-08,23.816666666666666
2019-07-09,23.849999999999998
2019-07-10,21.504166666666666
2019-07-11,20.099999999999998
2019-07-12,21.40833333333333
2019-07-13,22.479166666666668
2019-07-14,23.025000000000002
2019-07-15,22.483333333333334
2019-07-16,22.870833333333334
2019-07-17,23.983333333333334
2019-07-18,25.28333333333333
2019-07-19,26.145833333333332
2019-07-20,27.254166666666666
2019-07-21,24.104166666666668
2019-07-22,25.291666666666668
2019-07-23,26.495833333333334
2019-07-24,24.820833333333336
2019-07-25,25.108333333333334
2019-07-26,24.6125
2019-07-27,26.825
2019-07-28,25.162499999999998
2019-07-29,26.608333333333334
2019-07-30,26.958333333333332
2019-07-31,25.28333333333333
2019-08-01,25.758333333333336
2019-08-02,26.8625
2019-08-03,26.945833333333336
2019-08-04,26.787499999999998
2019-08-05,28.162499999999998
2019-08-06,30.1125
2019-08-07,25.520833333333332
2019-08-08,26.958333333333332
2019-08-09,27.400000000000002
2019-08-10,29.25
2019-08-11,29.34583333333333
2019-08-12,25.6875
2019-08-13,27.708333333333332
2019-08-14,28.516666666666666
2019-08-15,25.079166666666666
2019-08-16,24.120833333333334
2019-08-17,24.02916666666667
2019-08-18,23.287499999999998
2019-08-19,23.458333333333332
2019-08-20,25.208333333333332
2019-08-21,25.78333333333333
2019-08-22,24.979166666666668
2019-08-23,24.566666666666666
2019-08-24,21.333333333333332
2019-08-25,22.270833333333332
2019-08-26,23.858333333333334
2019-08-27,23.245833333333334
2019-08-28,23.866666666666664
2019-08-29,21.895833333333332
2019-08-30,21.066666666666666
2019-08-31,20.983333333333334
2019-09-01,21.3
2019-09-02,22.070833333333336
2019-09-03,22.537499999999998
2019-09-04,22.425
2019-09-05,22.358333333333334
2019-09-06,24.0125
2019-09-07,24.920833333333334
2019-09-08,23.537499999999998
2019-09-09,23.34583333333333
2019-09-10,23.254166666666666
2019-09-11,23.083333333333332
2019-09-12,20.008333333333333
2019-09-13,21.079166666666666
2019-09-14,21.258333333333333
2019-09-15,22.2625
2019-09-16,22.504166666666666
2019-09-17,20.916666666666668
2019-09-18,19.712500000000002
2019-09-19,17.254166666666666
2019-09-20,17.795833333333334
2019-09-21,18.854166666666668
2019-09-22,17.125
2019-09-23,18.099999999999998
2019-09-24,17.474999999999998
2019-09-25,18.716666666666665
2019-09-26,20.429166666666667
2019-09-27,21.041666666666668
2019-09-28,21.208333333333332
2019-09-29,19.829166666666666
2019-09-30,19.708333333333332
2019-10-01,20.875
2019-10-02,21.254166666666666
2019-10-03,21.175
2019-10-04,20.629166666666666
2019-10-05,18.304347826086957
2019-10-06,16.758333333333333
2019-10-07,14.091666666666667
2019-10-08,14.487499999999999
2019-10-09,11.15
2019-10-10,12.950000000000001
2019-10-11,17.183333333333334
2019-10-12,17.337500000000002
2019-10-13,15.304166666666667
2019-10-14,12.895833333333334
2019-10-15,11.870833333333332
2019-10-16,12.241666666666667
2019-10-17,13.204166666666666
2019-10-18,15.625
2019-10-19,14.904166666666667
2019-10-20,14.0
2019-10-21,14.587499999999999
2019-10-22,15.508333333333333
2019-10-23,15.275
2019-10-24,17.883333333333333
2019-10-25,16.320833333333333
2019-10-26,9.275
2019-10-27,8.558333333333334
2019-10-28,11.6625
2019-10-29,11.387500000000001
2019-10-30,8.575000000000001
2019-10-31,13.887500000000001
2019-11-01,13.2875
2019-11-02,11.745833333333332
2019-11-03,12.987499999999999
2019-11-04,11.133333333333333
2019-11-05,10.4625
2019-11-06,8.9125
2019-11-07,7.808333333333334
2019-11-08,4.145833333333333
2019-11-09,7.395833333333333
2019-11-10,9.245833333333334
2019-11-11,10.658333333333333
2019-11-12,7.800000000000001
2019-11-13,7.270833333333333
2019-11-14,0.7583333333333333
2019-11-15,5.308333333333333
2019-11-16,5.366666666666667
2019-11-17,7.875
2019-11-18,5.216666666666667
2019-11-19,-0.0458333333333333
2019-11-20,-0.9791666666666666
2019-11-21,2.5541666666666667
2019-11-22,8.549999999999999
2019-11-23,11.154166666666667
2019-11-24,9.983333333333333
2019-11-25,0.9041666666666667
2019-11-26,4.983333333333333
2019-11-27,2.3375
2019-11-28,1.8291666666666666
2019-11-29,-0.5708333333333333
2019-11-30,2.495833333333333
2019-12-01,4.2124999999999995
2019-12-02,0.04583333333333334
2019-12-03,-1.125
2019-12-04,1.1458333333333333
2019-12-05,-3.8791666666666664
2019-12-06,-7.7375
2019-12-07,-2.4583333333333335
2019-12-08,-2.4
2019-12-09,2.720833333333333
2019-12-10,7.395833333333333
2019-12-11,6.4125000000000005
2019-12-12,-1.2
2019-12-13,0.8791666666666665
2019-12-14,1.8208333333333335
2019-12-15,3.5
2019-12-16,6.6375
2019-12-17,8.1625
2019-12-18,0.1958333333333333
2019-12-19,-2.2333333333333334
2019-12-20,-2.058333333333333
2019-12-21,-1.625
2019-12-22,2.841666666666667
2019-12-23,2.8791666666666664
2019-12-24,-0.7583333333333333
2019-12-25,0.4083333333333334
2019-12-26,1.6291666666666667
2019-12-27,-2.6416666666666666
2019-12-28,0.3
2019-12-29,3.0083333333333333
2019-12-30,2.6666666666666665
2019-12-31,-8.504166666666666
2023-01-01,0.03749999999999998
2023-01-02,-5.829166666666667
2023-01-03,-6.3500000000000005
2023-01-04,-3.1875
2023-01-05,-3.1291666666666664
2023-01-06,-0.2166666666666667
2023-01-07,1.25
2023-01-08,-0.23750000000000002
2023-01-09,2.6666666666666665
2023-01-10,-0.4791666666666667
2023-01-11,0.9791666666666666
2023-01-12,3.4250000000000003
2023-01-13,7.3374999999999995
2023-01-14,6.0
2023-01-15,-0.43333333333333335
2023-01-16,-5.5375000000000005
2023-01-17,-4.4624999999999995
2023-01-18,-2.9375
2023-01-19,-1.1041666666666667
2023-01-20,-3.216666666666667
2023-01-21,-6.595833333333334
2023-01-22,-1.5416666666666667
2023-01-23,-1.1125
2023-01-24,-14.033333333333333
2023-01-25,-12.8375
2023-01-26,-6.720833333333334
2023-01-27,-7.954166666666667
2023-01-28,-6.766666666666667
2023-01-29,-2.8208333333333333
2023-01-30,-2.066666666666667
2023-01-31,2.15
2023-02-01,0.8875000000000001
2023-02-02,-3.4958333333333336
2023-02-03,-2.8375
2023-02-04,-1.7083333333333333
2023-02-05,-0.07083333333333329
2023-02-06,1.4000000000000001
2023-02-07,1.6916666666666667
2023-02-08,0.625
2023-02-09,2.283333333333333
2023-02-10,2.529166666666667
2023-02-11,0.9125
2023-02-12,2.375
2023-02-13,5.3999999999999995
2023-02-14,0.1125
2023-02-15,1.4916666666666665
2023-02-16,1.1583333333333334
2023-02-17,1.8875000000000002
2023-02-18,4.675
2023-02-19,2.875
2023-02-20,-0.5708333333333333
2023-02-21,-2.529166666666667
2023-02-22,-0.85
2023-02-23,1.0875
2023-02-24,2.620833333333333
2023-02-25,-0.5666666666666667
2023-02-26,0.23750000000000002
2023-02-27,2.1083333333333334
2023-02-28,2.5791666666666666
2023-03-01,5.245833333333334
2023-03-02,1.2874999999999999
2023-03-03,3.091666666666667
2023-03-04,5.829166666666667
2023-03-05,5.941666666666666
2023-03-06,7.420833333333333
2023-03-07,10.9
2023-03-08,12.395833333333334
2023-03-09,9.445833333333333
2023-03-10,11.495833333333332
2023-03-11,14.795833333333334
2023-03-12,6.108333333333333
2023-03-13,1.45
2023-03-14,7.6875
2023-03-15,8.854166666666666
2023-03-16,3.6041666666666665
2023-03-17,5.1000000000000005
2023-03-18,6.0249999999999995
2023-03-19,5.779166666666666
2023-03-20,7.279166666666666
2023-03-21,10.470833333333333
2023-03-22,14.804166666666667
2023-03-23,15.979166666666666
2023-03-24,10.445833333333333
2023-03-25,10.504166666666666
2023-03-26,8.666666666666666
2023-03-27,5.116666666666666
2023-03-28,6.591666666666666
2023-03-29,9.391666666666667
2023-03-30,11.508333333333333
2023-03-31,12.795833333333334
2023-04-01,14.833333333333334
2023-04-02,17.541666666666668
2023-04-03,17.150000000000002
2023-04-04,17.004166666666666
2023-04-05,11.416666666666666
2023-04-06,7.7375
2023-04-07,7.779166666666666
2023-04-08,7.216666666666666
2023-04-09,8.616666666666667
2023-04-10,11.825000000000001
2023-04-11,12.5625
2023-04-12,8.391666666666667
2023-04-13,10.450000000000001
2023-04-14,14.7125
2023-04-15,11.9375
2023-04-16,9.341666666666667
2023-04-17,11.516666666666666
2023-04-18,12.945833333333333
2023-04-19,17.212500000000002
2023-04-20,15.295833333333334
2023-04-21,15.325000000000001
2023-04-22,15.508333333333333
2023-04-23,14.308333333333335
2023-04-24,13.829166666666666
2023-04-25,9.604166666666666
2023-04-26,8.3125
2023-04-27,10.3125
2023-04-28,13.670833333333334
2023-04-29,12.416666666666666
2023-04-30,11.375
2023-05-01,12.5625
2023-05-02,14.4375
2023-05-03,17.212500000000002
2023-05-04,18.929166666666667
2023-05-05,18.325
2023-05-06,11.8375
2023-05-07,12.416666666666666
2023-05-08,12.4625
2023-05-09,14.591666666666667
2023-05-10,15.779166666666667
2023-05-11,16.6375
2023-05-12,16.474999999999998
2023-05-13,15.549999999999999
2023-05-14,15.570833333333333
2023-05-15,17.945833333333333
2023-05-16,22.0125
2023-05-17,21.854166666666668
2023-05-18,19.416666666666668
2023-05-19,19.929166666666667
2023-05-20,19.545833333333334
2023-05-21,15.887500000000001
2023-05-22,17.662499999999998
2023-05-23,18.025
2023-05-24,18.179166666666667
2023-05-25,19.208333333333332
2023-05-26,18.958333333333332
2023-05-27,17.854166666666668
2023-05-28,18.370833333333334
2023-05-29,21.1125
2023-05-30,21.866666666666664
2023-05-31,21.150000000000002
2023-06-01,20.816666666666666
2023-06-02,18.458333333333332
2023-06-03,19.954166666666666
2023-06-04,19.900000000000002
2023-06-05,19.287499999999998
2023-06-06,18.354166666666668
2023-06-07,19.729166666666668
2023-06-08,19.120833333333334
2023-06-09,21.099999999999998
2023-06-10,21.90416666666667
2023-06-11,20.408333333333335
2023-06-12,19.912499999999998
2023-06-13,20.104166666666668
2023-06-14,18.933333333333334
2023-06-15,20.458333333333332
2023-06-16,21.59166666666667
2023-06-17,21.733333333333334
2023-06-18,23.3125
2023-06-19,25.641666666666666
2023-06-20,22.416666666666668
2023-06-21,19.170833333333334
2023-06-22,20.537499999999998
2023-06-23,21.900000000000002
2023-06-24,23.866666666666664
2023-06-25,25.3625
2023-06-26,23.1375
2023-06-27,23.570833333333336
2023-06-28,24.4375
2023-06-29,23.212500000000002
2023-06-30,24.12608695652174
2023-07-01,25.27916666666667
2023-07-02,24.40833333333333
2023-07-03,26.400000000000002
2023-07-04,24.383333333333336
2023-07-05,22.8
2023-07-06,25.383333333333336
2023-07-07,24.804166666666664
2023-07-08,23.495833333333334
2023-07-09,23.724999999999998
2023-07-10,25.400000000000002
2023-07-11,22.370833333333334
2023-07-12,24.724999999999998
2023-07-13,24.1375
2023-07-14,23.925
2023-07-15,23.491666666666664
2023-07-16,23.108333333333334
2023-07-17,23.929166666666664
2023-07-18,23.59583333333333
2023-07-19,25.03333333333333
2023-07-20,25.416666666666668
2023-07-21,26.575
2023-07-22,26.349999999999998
2023-07-23,23.9375
2023-07-24,25.03333333333333
2023-07-25,25.96666666666667
2023-07-26,26.545833333333334
2023-07-27,26.599999999999998
2023-07-28,27.183333333333334
2023-07-29,27.587500000000002
2023-07-30,26.370833333333334
2023-07-31,26.78333333333333
2023-08-01,27.6875
2023-08-02,27.229166666666668
2023-08-03,26.787499999999998
2023-08-04,27.604166666666668
2023-08-05,27.7625
2023-08-06,27.120833333333334
2023-08-07,29.170833333333334
2023-08-08,29.679166666666664
2023-08-09,27.491666666666664
2023-08-10,21.483333333333334
2023-08-11,22.8625
2023-08-12,22.570833333333336
2023-08-13,25.066666666666666
2023-08-14,26.05
2023-08-15,26.241666666666664
2023-08-16,25.587500000000002
2023-08-17,25.491666666666664
2023-08-18,26.90833333333333
2023-08-19,26.53333333333333
2023-08-20,25.954166666666666
2023-08-21,26.820833333333336
2023-08-22,26.108333333333334
2023-08-23,23.883333333333336
2023-08-24,23.9375
2023-08-25,24.78333333333333
2023-08-26,23.991666666666664
2023-08-27,23.95
2023-08-28,21.945833333333336
2023-08-29,23.354166666666668
2023-08-30,21.349999999999998
2023-08-31,21.8125
2023-09-01,22.166666666666668
2023-09-02,22.5125
2023-09-03,24.162499999999998
2023-09-04,25.170833333333334
2023-09-05,25.616666666666664
2023-09-06,25.291666666666668
2023-09-07,24.520833333333332
2023-09-08,22.479166666666668
2023-09-09,23.02916666666667
2023-09-10,22.991666666666664
2023-09-11,23.1875
2023-09-12,22.974999999999998
2023-09-13,20.587500000000002
2023-09-14,21.75
2023-09-15,21.150000000000002
2023-09-16,22.45
2023-09-17,23.145833333333332
2023-09-18,22.870833333333334
2023-09-19,22.445833333333336
2023-09-20,19.8
2023-09-21,18.787499999999998
2023-09-22,17.795833333333334
2023-09-23,19.516666666666666
2023-09-24,19.733333333333334
2023-09-25,20.133333333333333
2023-09-26,19.154166666666665
2023-09-27,20.212500000000002
2023-09-28,20.895833333333332
2023-09-29,18.983333333333334
2023-09-30,17.770833333333332
2023-10-01,15.979166666666666
2023-10-02,15.204166666666666
2023-10-03,15.258333333333333
2023-10-04,16.270833333333332
2023-10-05,13.8375
2023-10-06,12.683333333333332
2023-10-07,14.141666666666666
2023-10-08,16.208333333333332
2023-10-09,15.858333333333334
2023-10-10,14.183333333333332
2023-10-11,14.7875
2023-10-12,15.058333333333335
2023-10-13,15.483333333333334
2023-10-14,13.387500000000001
2023-10-15,14.341666666666667
2023-10-16,12.9
2023-10-17,11.075000000000001
2023-10-18,13.654166666666667
2023-10-19,15.35
2023-10-20,11.775
2023-10-21,8.858333333333333
2023-10-22,10.229166666666666
2023-10-23,13.616666666666667
2023-10-24,13.920833333333334
2023-10-25,14.583333333333334
2023-10-26,16.662499999999998
2023-10-27,14.2125
2023-10-28,12.066666666666665
2023-10-29,12.108333333333334
2023-10-30,12.879166666666668
2023-10-31,14.454166666666666
2023-11-01,17.370833333333334
2023-11-02,19.316666666666666
2023-11-03,18.258333333333333
2023-11-04,16.599999999999998
2023-11-05,17.683333333333334
2023-11-06,13.883333333333333
2023-11-07,4.845833333333333
2023-11-08,5.970833333333334
2023-11-09,11.683333333333332
2023-11-10,3.454166666666667
2023-11-11,0.48333333333333334
2023-11-12,0.44166666666666665
2023-11-13,0.725
2023-11-14,2.9791666666666665
2023-11-15,5.208333333333333
2023-11-16,6.458333333333333
2023-11-17,1.3291666666666668
2023-11-18,-0.10416666666666664
2023-11-19,6.083333333333333
2023-11-20,4.495833333333333
2023-11-21,5.370833333333334
2023-11-22,8.116666666666667
2023-11-23,9.991666666666667
2023-11-24,-1.1583333333333334
2023-11-25,-3.25
2023-11-26,2.6458333333333335
2023-11-27,6.033333333333334
2023-11-28,1.1791666666666667
2023-11-29,-1.5958333333333332
2023-11-30,-4.3999999999999995
2023-12-01,-4.4125000000000005
2023-12-02,1.2833333333333334
2023-12-03,-0.5333333333333333
2023-12-04,0.8541666666666666
2023-12-05,4.9750000000000005
2023-12-06,7.045833333333333
2023-12-07,5.7
2023-12-08,11.370833333333332
2023-12-09,12.65
2023-12-10,9.783333333333333
2023-12-11,8.7375
2023-12-12,4.3
2023-12-13,5.208333333333333
2023-12-14,7.416666666666667
2023-12-15,4.541666666666667
2023-12-16,-3.3666666666666667
2023-12-17,-10.091666666666667
2023-12-18,-8.420833333333333
2023-12-19,-4.770833333333333
2023-12-20,-7.295833333333333
2023-12-21,-11.841666666666667
2023-12-22,-12.450000000000001
2023-12-23,-8.458333333333334
2023-12-24,-3.875
2023-12-25,-1.8583333333333334
2023-12-26,0.9249999999999999
2023-12-27,-0.10833333333333332
2023-12-28,-0.10833333333333332
2023-12-29,0.19166666666666665
2023-12-30,-0.07500000000000002
2023-12-31,2.0083333333333333
2024-01-01,1.7750000000000001
2024-01-02,1.7625
2024-01-03,0.8541666666666666
2024-01-04,0.1375000000000001
2024-01-05,4.2
2024-01-06,-0.2041666666666667
2024-01-07,-4.1375
2024-01-08,-6.533333333333334
2024-01-09,-0.9166666666666666
2024-01-10,-1.575
2024-01-11,0.0375
2024-01-12,0.7583333333333333
2024-01-13,-1.0208333333333333
2024-01-14,0.016666666666666646
2024-01-15,-4.125
2024-01-16,-4.066666666666666
2024-01-17,-0.5916666666666667
2024-01-18,3.3958333333333335
2024-01-19,5.0125
2024-01-20,2.7583333333333333
2024-01-21,1.3083333333333333
2024-01-22,-8.512500000000001
2024-01-23,-11.933333333333332
2024-01-24,-8.495833333333334
2024-01-25,-5.995833333333334
2024-01-26,-3.2541666666666664
2024-01-27,-1.8166666666666667
2024-01-28,-2.7458333333333336
2024-01-29,-2.3125
2024-01-30,-0.8208333333333333
2024-01-31,3.404166666666667
2024-02-01,0.8249999999999998
2024-02-02,1.5791666666666666
2024-02-03,3.2624999999999997
2024-02-04,5.516666666666667
2024-02-05,2.095833333333333
2024-02-06,0.4833333333333334
2024-02-07,-0.25833333333333336
2024-02-08,-1.0083333333333333
2024-02-09,-0.46666666666666673
2024-02-10,0.7749999999999999
2024-02-11,-0.0458333333333333
2024-02-12,2.2125
2024-02-13,8.479166666666666
2024-02-14,12.9125
2024-02-15,4.7
2024-02-16,0.23749999999999996
2024-02-17,2.404166666666667
2024-02-18,5.608333333333333
2024-02-19,9.933333333333334
2024-02-20,3.9458333333333333
2024-02-21,1.6916666666666667
2024-02-22,-0.5041666666666667
2024-02-23,1.0416666666666667
2024-02-24,1.1
2024-02-25,1.75
2024-02-26,2.0541666666666667
2024-02-27,4.104166666666667
2024-02-28,5.0625
2024-02-29,4.125
2024-03-01,-3.904166666666667
2024-03-02,-2.466666666666667
2024-03-03,2.9125
2024-03-04,3.4333333333333336
2024-03-05,7.5874999999999995
2024-03-06,5.745833333333334
2024-03-07,2.970833333333333
2024-03-08,1.8125
2024-03-09,0.7416666666666667
2024-03-10,2.183333333333333
2024-03-11,4.529166666666667
2024-03-12,5.141666666666667
2024-03-13,4.45
2024-03-14,7.2124999999999995
2024-03-15,7.545833333333333
2024-03-16,9.266666666666667
2024-03-17,8.237499999999999
2024-03-18,5.345833333333334
2024-03-19,5.316666666666666
2024-03-20,3.6666666666666665
2024-03-21,2.9
2024-03-22,9.0375
2024-03-23,11.375
2024-03-24,14.733333333333334
2024-03-25,10.483333333333333
2024-03-26,6.570833333333333
2024-03-27,8.483333333333333
2024-03-28,9.504166666666666
2024-03-29,6.7
2024-03-30,7.3999999999999995
2024-03-31,8.670833333333333
2024-04-01,9.633333333333333
2024-04-02,13.191666666666668
2024-04-03,15.516666666666666
2024-04-04,14.095833333333333
2024-04-05,12.666666666666666
2024-04-06,10.570833333333333
2024-04-07,12.958333333333334
2024-04-08,14.612499999999999
2024-04-09,13.512500000000001
2024-04-10,12.458333333333334
2024-04-11,13.779166666666667
2024-04-12,15.387500000000001
2024-04-13,16.6875
2024-04-14,18.491666666666667
2024-04-15,15.616666666666667
2024-04-16,11.729166666666666
2024-04-17,12.641666666666666
2024-04-18,15.070833333333333
2024-04-19,15.920833333333334
2024-04-20,13.445833333333333
2024-04-21,15.904166666666667
2024-04-22,17.508333333333333
2024-04-23,16.133333333333333
2024-04-24,12.237499999999999
2024-04-25,12.595833333333333
2024-04-26,15.366666666666667
2024-04-27,15.658333333333333
2024-04-28,17.529166666666665
2024-04-29,19.087500000000002
2024-04-30,16.045833333333334
2024-05-01,16.020833333333332
2024-05-02,15.895833333333334
2024-05-03,16.666666666666668
2024-05-04,18.629166666666666
2024-05-05,17.166666666666668
2024-05-06,13.154166666666667
2024-05-07,12.395833333333334
2024-05-08,13.025
2024-05-09,14.183333333333332
2024-05-10,16.020833333333332
2024-05-11,16.212500000000002
2024-05-12,15.058333333333332
2024-05-13,15.816666666666668
2024-05-14,16.120833333333334
2024-05-15,11.9
2024-05-16,11.924999999999999
2024-05-17,16.745833333333334
2024-05-18,18.400000000000002
2024-05-19,18.958333333333332
2024-05-20,17.537499999999998
2024-05-21,19.458333333333332
2024-05-22,17.9375
2024-05-23,18.3
2024-05-24,17.770833333333332
2024-05-25,18.920833333333334
2024-05-26,18.741666666666667
2024-05-27,17.404166666666665
2024-05-28,17.491666666666667
2024-05-29,18.625
2024-05-30,18.454166666666666
2024-05-31,18.370833333333334
2024-06-01,18.625
2024-06-02,18.537499999999998
2024-06-03,19.683333333333334
2024-06-04,20.575
2024-06-05,20.808333333333334
2024-06-06,21.599999999999998
2024-06-07,21.029166666666665
2024-06-08,17.883333333333333
2024-06-09,20.599999999999998
2024-06-10,22.008333333333336
2024-06-11,22.84583333333333
2024-06-12,22.329166666666666
2024-06-13,23.4875
2024-06-14,24.037499999999998
2024-06-15,22.15416666666667
2024-06-16,21.883333333333336
2024-06-17,22.037499999999998
2024-06-18,23.09583333333333
2024-06-19,25.666666666666668
2024-06-20,26.175
2024-06-21,24.787499999999998
2024-06-22,22.291666666666668
2024-06-23,23.229166666666668
2024-06-24,22.370833333333334
2024-06-25,20.974999999999998
2024-06-26,22.25
2024-06-27,22.90833333333333
2024-06-28,23.34583333333333
2024-06-29,23.912499999999998
2024-06-30,22.429166666666664
2024-07-01,24.020833333333332
2024-07-02,22.291666666666668
2024-07-03,23.429166666666664
2024-07-04,25.162499999999998
2024-07-05,21.65416666666667
2024-07-06,23.954166666666666
2024-07-07,22.758333333333336
2024-07-08,22.804166666666664
2024-07-09,22.733333333333334
2024-07-10,24.629166666666666
2024-07-11,23.104166666666668
2024-07-12,23.3
2024-07-13,25.670833333333334
2024-07-14,26.5125
2024-07-15,26.616666666666664
2024-07-16,25.22083333333333
2024-07-17,24.983333333333334
2024-07-18,23.5
2024-07-19,25.59583333333333
2024-07-20,25.366666666666664
2024-07-21,25.433333333333334
2024-07-22,26.0125
2024-07-23,25.3
2024-07-24,26.8
2024-07-25,27.7375
2024-07-26,27.245833333333334
2024-07-27,27.462500000000002
2024-07-28,27.920833333333334
2024-07-29,26.25
2024-07-30,27.045833333333334
2024-07-31,27.691666666666666
2024-08-01,28.020833333333332
2024-08-02,28.150000000000002
2024-08-03,28.0625
2024-08-04,28.537499999999998
2024-08-05,29.104166666666668
2024-08-06,26.7375
2024-08-07,27.175
2024-08-08,26.166666666666668
2024-08-09,26.829166666666666
2024-08-10,27.491666666666664
2024-08-11,28.066666666666666
2024-08-12,28.620833333333334
2024-08-13,28.1875
2024-08-14,28.104166666666668
2024-08-15,27.8875
2024-08-16,28.058333333333334
2024-08-17,27.808333333333334
2024-08-18,28.041666666666668
2024-08-19,28.162499999999998
2024-08-20,29.695833333333336
2024-08-21,26.8875
2024-08-22,26.962500000000002
2024-08-23,26.295833333333334
2024-08-24,26.008333333333336
2024-08-25,25.375
2024-08-26,25.458333333333332
2024-08-27,24.28333333333333
2024-08-28,26.583333333333332
2024-08-29,27.120833333333334
2024-08-30,26.133333333333336
2024-08-31,24.891666666666666
2024-09-01,24.383333333333336
2024-09-02,22.52916666666667
2024-09-03,25.545833333333334
2024-09-04,25.858333333333334
2024-09-05,24.516666666666666
2024-09-06,22.554166666666664
2024-09-07,23.666666666666668
2024-09-08,24.037499999999998
2024-09-09,25.3625
2024-09-10,26.5
2024-09-11,26.287499999999998
2024-09-12,24.291666666666668
2024-09-13,24.8125
2024-09-14,26.05416666666667
2024-09-15,26.083333333333332
2024-09-16,25.754166666666666
2024-09-17,27.0
2024-09-18,27.5625
2024-09-19,26.96666666666667
2024-09-20,24.266666666666666
2024-09-21,16.837500000000002
2024-09-24,18.933333333333334
2024-09-25,20.4375
2024-09-26,21.775000000000002
2024-09-27,21.2375
2024-09-28,21.995833333333334
2024-09-29,22.266666666666666
2024-09-30,20.445833333333333
2024-10-01,17.662499999999998
2024-10-02,12.204166666666666
2024-10-03,13.520833333333334
2024-10-04,14.450000000000001
2024-10-05,14.683333333333332
2024-10-06,13.645833333333334
2024-10-07,15.166666666666666
2024-10-08,15.633333333333333
2024-10-09,16.275000000000002
2024-10-10,17.354166666666668
2024-10-11,15.8375
2024-10-12,15.475
2024-10-13,16.158333333333335
2024-10-14,18.958333333333332
2024-10-15,17.758333333333333
2024-10-16,16.358333333333334
2024-10-17,17.370833333333334
2024-10-18,16.9875
2024-10-19,16.079166666666666
2024-10-20,12.3125
2024-10-21,13.2875
2024-10-22,14.612499999999999
2024-10-23,12.145833333333334
2024-10-24,9.941666666666666
2024-10-25,12.854166666666666
2024-10-26,14.833333333333334
2024-10-27,15.233333333333334
2024-10-28,14.529166666666667
2024-10-29,14.291666666666666
2024-10-30,13.445833333333333
2024-10-31,10.4
